{
"type": "FeatureCollection",
"name": "gyeongsan_city",
"crs": { "type": "name", "properties": { "name": "urn:ogc:def:crs:OGC:1.3:CRS84" } },
"features": [
{ "type": "Feature", "properties": { "index": "GYEONGSAN_CITY", "BASE_DATE": "20240630", "ADM_CD": "37100320", "ADM_NM": "자인면" }, "geometry": { "type": "Polygon", "coordinates": [ [ [ 128.799964418270008, 35.745340350420832 ], [ 128.799238223385657, 35.744952887186294 ], [ 128.798731911554057, 35.744171990123959 ], [ 128.798200489869743, 35.744004089959311 ], [ 128.797366703145826, 35.743835817431794 ], [ 128.796468370308304, 35.7438349312282 ], [ 128.795387218791319, 35.744090475871431 ], [ 128.794742093453209, 35.743857996173027 ], [ 128.794524883806645, 35.74392157683635 ], [ 128.793707569567033, 35.744079278517674 ], [ 128.792940626457465, 35.744188645208034 ], [ 128.791994452238413, 35.744087122725354 ], [ 128.791960630837195, 35.744091290567233 ], [ 128.790942342998335, 35.74409598430551 ], [ 128.789689390855955, 35.743760416193702 ], [ 128.789380867621531, 35.74373764871445 ], [ 128.789314020370767, 35.743686283917633 ], [ 128.789168271901701, 35.743584779689982 ], [ 128.789159522681416, 35.74357301433762 ], [ 128.789040633787323, 35.743413186876417 ], [ 128.788907777979119, 35.742887046449887 ], [ 128.788514266706784, 35.742178856655357 ], [ 128.787852262164819, 35.741565679658713 ], [ 128.787475379037886, 35.740966822487955 ], [ 128.787246238403696, 35.740639660579589 ], [ 128.7869204538502, 35.739371053240781 ], [ 128.785960478433424, 35.739339903250922 ], [ 128.786698733678833, 35.738439838914786 ], [ 128.786593111641395, 35.738230894987097 ], [ 128.786272926961658, 35.737597453550954 ], [ 128.786086128250616, 35.737227902960605 ], [ 128.785539979566181, 35.736417712110807 ], [ 128.785282604899891, 35.736170588120423 ], [ 128.78528258603481, 35.736170567406795 ], [ 128.784873112301455, 35.735777390935453 ], [ 128.784930237634768, 35.735596707414643 ], [ 128.784983893468564, 35.735427005879799 ], [ 128.78664296284785, 35.733830357997626 ], [ 128.786238135312374, 35.733444983298718 ], [ 128.786109643630937, 35.733322702407328 ], [ 128.786010968177436, 35.733192836516046 ], [ 128.78555006566836, 35.732586239879247 ], [ 128.784786645605834, 35.732284512050157 ], [ 128.784218416057172, 35.732025544999168 ], [ 128.783794329847979, 35.731841848443509 ], [ 128.782237612567855, 35.731619761462305 ], [ 128.780410756343485, 35.731331098434005 ], [ 128.780008221154901, 35.731219229937018 ], [ 128.779397864219419, 35.731289810732491 ], [ 128.778824114292348, 35.731356119000893 ], [ 128.778378879219588, 35.731235710322402 ], [ 128.778171676088618, 35.731179678112397 ], [ 128.77533030329792, 35.729817055299264 ], [ 128.775020924006128, 35.729512925639327 ], [ 128.774442197386861, 35.72894400548816 ], [ 128.774439891821828, 35.728941735882067 ], [ 128.774120867502148, 35.728448836491744 ], [ 128.773916801186004, 35.728133545973101 ], [ 128.773684500959376, 35.727500406515233 ], [ 128.773294894587025, 35.727004647437177 ], [ 128.773294479966836, 35.726967483946282 ], [ 128.773293424963668, 35.726872582055144 ], [ 128.773287956233588, 35.726383256519618 ], [ 128.773375930637741, 35.725772553442155 ], [ 128.7733796637458, 35.725746639941285 ], [ 128.773723738412372, 35.725073115838811 ], [ 128.773771487348029, 35.724311284357931 ], [ 128.773704464858241, 35.724182938102999 ], [ 128.77359719868727, 35.723977520225809 ], [ 128.773530184033717, 35.723528877219827 ], [ 128.773622991023728, 35.723166421601483 ], [ 128.773711849991315, 35.722819382929877 ], [ 128.773206517275412, 35.72251667211281 ], [ 128.772573180189482, 35.72214186614957 ], [ 128.771789663579568, 35.721953802249566 ], [ 128.771122325533099, 35.721591380171667 ], [ 128.770777023934755, 35.721100410914254 ], [ 128.770596128535743, 35.72098053786938 ], [ 128.770300521903437, 35.720784737735137 ], [ 128.769878227950272, 35.720718088882542 ], [ 128.769227398451818, 35.720656979700038 ], [ 128.7687935689992, 35.720301304034479 ], [ 128.768407266038395, 35.720139328383681 ], [ 128.768226454130712, 35.719855836495803 ], [ 128.76797178175579, 35.719549739662206 ], [ 128.767547237859588, 35.719170789428887 ], [ 128.766813464305358, 35.719032133376281 ], [ 128.766125467857194, 35.718806608492798 ], [ 128.7656821636009, 35.718359090067551 ], [ 128.765071270535429, 35.717981063074703 ], [ 128.764613021443751, 35.717833668622987 ], [ 128.764273878138994, 35.717006339854237 ], [ 128.764365129878286, 35.716643903376067 ], [ 128.764463754294724, 35.716252168667907 ], [ 128.764528347541869, 35.715995626191145 ], [ 128.764537379712039, 35.715672963362884 ], [ 128.764512850109242, 35.714927026399366 ], [ 128.764510735945521, 35.714862660973282 ], [ 128.764404135961172, 35.714138794303352 ], [ 128.764352853880439, 35.713790544874186 ], [ 128.764260021354261, 35.713160147468663 ], [ 128.763838253720195, 35.712281063795068 ], [ 128.763809826279953, 35.712244957072564 ], [ 128.763293150611219, 35.711588830261412 ], [ 128.763485679897684, 35.711206273568834 ], [ 128.76358244321861, 35.711013995440034 ], [ 128.764009822470314, 35.710341366244869 ], [ 128.763880348663207, 35.70954659514841 ], [ 128.76345224997263, 35.708614459114571 ], [ 128.764722922936272, 35.707719109718262 ], [ 128.764770571817735, 35.707685532226662 ], [ 128.765297303748383, 35.707318228523349 ], [ 128.766054846333446, 35.706805946304378 ], [ 128.766243234350412, 35.70667854784589 ], [ 128.766243360977484, 35.706678462420378 ], [ 128.766447852336029, 35.706479864395085 ], [ 128.76657661444645, 35.70630826083363 ], [ 128.766598711406971, 35.706275606088433 ], [ 128.766598079717966, 35.706240185181542 ], [ 128.766573865665293, 35.704879932225765 ], [ 128.766240994127998, 35.703873888022045 ], [ 128.766264478268454, 35.703104689824023 ], [ 128.766208733541248, 35.702513870990863 ], [ 128.766173475649254, 35.702103676727297 ], [ 128.765872565471255, 35.701525141195397 ], [ 128.765624124641306, 35.701372963805532 ], [ 128.765594505305728, 35.701354880581356 ], [ 128.764855910347563, 35.701160060156795 ], [ 128.762973886923817, 35.701176272911631 ], [ 128.762437304684482, 35.701125753421778 ], [ 128.762053690199224, 35.701089633089651 ], [ 128.760763899425314, 35.700968177627509 ], [ 128.760415336686606, 35.700903184902046 ], [ 128.760058709226172, 35.700833910198789 ], [ 128.75960418552549, 35.700745727166982 ], [ 128.759529348928424, 35.700731138632598 ], [ 128.75911747596669, 35.700644418709352 ], [ 128.758436327317156, 35.700500897928279 ], [ 128.757540057422432, 35.70061062721674 ], [ 128.756300115460647, 35.701111259336741 ], [ 128.756260877253112, 35.701116037931165 ], [ 128.756101531507653, 35.701135370091976 ], [ 128.754574478556663, 35.700946351618761 ], [ 128.753740005773864, 35.701074977956203 ], [ 128.752729728921651, 35.70139355921193 ], [ 128.751903463030203, 35.701920913178519 ], [ 128.750916019334596, 35.702557023618475 ], [ 128.750080796989039, 35.702958970566705 ], [ 128.747573996144041, 35.703701727835302 ], [ 128.746348334227889, 35.704162859412229 ], [ 128.744749114741609, 35.704864414987654 ], [ 128.744458388381418, 35.704988753189276 ], [ 128.743716819211102, 35.705327170329063 ], [ 128.743700375305735, 35.705334674497728 ], [ 128.743010190000831, 35.705717936789924 ], [ 128.742189613435983, 35.70617785652307 ], [ 128.741865069585486, 35.706432037354617 ], [ 128.74155987586596, 35.706671060636296 ], [ 128.74119421497258, 35.707433466197308 ], [ 128.739952548205054, 35.70792802216657 ], [ 128.739626906042247, 35.708102193965267 ], [ 128.739456722682576, 35.708193219045683 ], [ 128.738851427841212, 35.708516957401756 ], [ 128.738775057316047, 35.708371052644225 ], [ 128.738738880380936, 35.708301939195586 ], [ 128.738523821740358, 35.708472475942834 ], [ 128.738528368876842, 35.708487448858783 ], [ 128.738552311285929, 35.708566288662155 ], [ 128.738289277804654, 35.708644548939873 ], [ 128.738242032642574, 35.708662541773506 ], [ 128.738228352909886, 35.7086365762027 ], [ 128.738206187772334, 35.708594508435745 ], [ 128.738159042788823, 35.708626481762181 ], [ 128.73816336406594, 35.708668879185723 ], [ 128.738166043344506, 35.708695165307681 ], [ 128.737997020375218, 35.708771637226164 ], [ 128.73789282745625, 35.708825412621017 ], [ 128.737888287302809, 35.708827755173054 ], [ 128.737780441453225, 35.708836315065739 ], [ 128.737701990110622, 35.708854213938459 ], [ 128.737301400627217, 35.709294020925597 ], [ 128.736629455940204, 35.710112887660337 ], [ 128.736607575120701, 35.710240251982547 ], [ 128.73649238525698, 35.71067390635946 ], [ 128.736242724551772, 35.711065911969612 ], [ 128.736243429182451, 35.711520370129968 ], [ 128.736019290330546, 35.711852867274104 ], [ 128.735636303023966, 35.712265649995899 ], [ 128.735747374826389, 35.71259968981763 ], [ 128.735897009436172, 35.713049708135109 ], [ 128.735812115996907, 35.713649368624402 ], [ 128.735542862619724, 35.713987506775531 ], [ 128.735440460654786, 35.714118315732392 ], [ 128.73534213065119, 35.714240510671679 ], [ 128.735289131212198, 35.714306373504435 ], [ 128.735107517907181, 35.715378570814117 ], [ 128.734810058048396, 35.715768090601479 ], [ 128.734816017547701, 35.716244756146644 ], [ 128.734628705948836, 35.717302953708348 ], [ 128.734281567610225, 35.717934593530458 ], [ 128.734181296934395, 35.718272500734592 ], [ 128.734138123944774, 35.718343280400418 ], [ 128.733936784161671, 35.718673269128018 ], [ 128.73351790576703, 35.719359792907753 ], [ 128.732719635563569, 35.719753632717058 ], [ 128.732368457127961, 35.719955605947767 ], [ 128.731535835470709, 35.720275323755992 ], [ 128.731190629268156, 35.720409306396739 ], [ 128.731161030087236, 35.720413267828981 ], [ 128.730987510962109, 35.720436520345118 ], [ 128.730689782955011, 35.720476414859178 ], [ 128.730331832280228, 35.720378264820134 ], [ 128.730054242205682, 35.720302165047812 ], [ 128.729711277241819, 35.720208146010322 ], [ 128.729454380777156, 35.720268231852344 ], [ 128.727756040900658, 35.720679359102519 ], [ 128.727669695940904, 35.720700262178148 ], [ 128.727653446978991, 35.720704200134243 ], [ 128.727600001459848, 35.720677680290223 ], [ 128.72658292512196, 35.72023210159314 ], [ 128.726409587189181, 35.720156158523267 ], [ 128.726224344581254, 35.720075001027269 ], [ 128.725242710762842, 35.719723627949506 ], [ 128.724703536934811, 35.719707230476956 ], [ 128.72439864786017, 35.719710583961849 ], [ 128.724268999330206, 35.719716667055884 ], [ 128.724216637344227, 35.719703333654387 ], [ 128.723333743656099, 35.719478515287776 ], [ 128.723332179897227, 35.719478117233486 ], [ 128.723095070784467, 35.719417738658748 ], [ 128.722545572906995, 35.719491396956307 ], [ 128.721925012921901, 35.719582552649307 ], [ 128.721463082587803, 35.719834869956216 ], [ 128.721326480903372, 35.719901012787624 ], [ 128.720484663888953, 35.72030858608472 ], [ 128.720229298281112, 35.720470278052161 ], [ 128.720109810012303, 35.720545932440956 ], [ 128.719741354364629, 35.720755229827027 ], [ 128.719119405948106, 35.720766424904127 ], [ 128.717688743361805, 35.720805194703956 ], [ 128.716991367954307, 35.720902488410225 ], [ 128.716297498004451, 35.721002276067573 ], [ 128.714998735488734, 35.721120899483481 ], [ 128.714882498743691, 35.721131559487368 ], [ 128.714793802114713, 35.721428201032083 ], [ 128.714705049882866, 35.7223210106065 ], [ 128.714607799928473, 35.722545754184985 ], [ 128.714432386864985, 35.722951148251035 ], [ 128.713541368841248, 35.723489619654842 ], [ 128.713480779454386, 35.723526234528009 ], [ 128.713481058857923, 35.723528218322002 ], [ 128.713567029362821, 35.724135382017927 ], [ 128.713326766364645, 35.724409747775425 ], [ 128.713256385670746, 35.724460492424114 ], [ 128.713254074220373, 35.724462158778103 ], [ 128.712369458641234, 35.725099966582285 ], [ 128.71244995119369, 35.7257032440682 ], [ 128.712461876251751, 35.725792658901447 ], [ 128.712498375773862, 35.726066956444356 ], [ 128.712802937708602, 35.726362797209497 ], [ 128.712665363601019, 35.726825807938674 ], [ 128.712629414809129, 35.726944892671149 ], [ 128.712365545984483, 35.727818977598652 ], [ 128.712011943900137, 35.728514610135846 ], [ 128.71201192124218, 35.728514652260223 ], [ 128.7116575776069, 35.72921173143898 ], [ 128.711388520020733, 35.729657470710265 ], [ 128.711090674846531, 35.730134656084402 ], [ 128.710877483984348, 35.730476219296932 ], [ 128.710790989133045, 35.730595301901623 ], [ 128.710369440832238, 35.731105643694328 ], [ 128.710134661244126, 35.73138987104052 ], [ 128.710122020529809, 35.731405174770181 ], [ 128.709679960988325, 35.732193088562944 ], [ 128.709501646943124, 35.732570583693004 ], [ 128.708626632280783, 35.733134712177183 ], [ 128.707811348507846, 35.733609323656822 ], [ 128.707268487980627, 35.734059432307888 ], [ 128.707147283574614, 35.73416829064324 ], [ 128.707013474729905, 35.734288469139827 ], [ 128.706713373516862, 35.73466927543771 ], [ 128.706282175344228, 35.734841849000809 ], [ 128.705901678638071, 35.735095629347278 ], [ 128.705286818924549, 35.735628646982214 ], [ 128.704990028530403, 35.735833613267936 ], [ 128.704076091906018, 35.736469465778583 ], [ 128.70400631529435, 35.73651801181655 ], [ 128.70361498984937, 35.736926739866952 ], [ 128.703028552250117, 35.737275626133723 ], [ 128.702770420262084, 35.737955106107222 ], [ 128.702286718626482, 35.738783752716834 ], [ 128.702043596194102, 35.739170961552617 ], [ 128.702021055015706, 35.740213343984841 ], [ 128.702030065967875, 35.741070686088406 ], [ 128.702032230900414, 35.741276592457766 ], [ 128.702045881445002, 35.742574859266284 ], [ 128.702046783954671, 35.74266033842602 ], [ 128.702108828195691, 35.742785010438006 ], [ 128.702108841327231, 35.742785040521632 ], [ 128.702563616541966, 35.743698815182626 ], [ 128.702389181288424, 35.743716271430543 ], [ 128.701601775734019, 35.743795065847713 ], [ 128.699697716479363, 35.743465048426778 ], [ 128.699041924562266, 35.743351374315161 ], [ 128.698716729324843, 35.743295312747847 ], [ 128.698716636155922, 35.743295295713949 ], [ 128.698123125823656, 35.743192972300434 ], [ 128.697273386960262, 35.743451697686588 ], [ 128.695551065466901, 35.743902055400255 ], [ 128.694274537856842, 35.744277790715834 ], [ 128.694187423413211, 35.744189697638376 ], [ 128.693837032146234, 35.743835354991752 ], [ 128.693657123889949, 35.74365342916829 ], [ 128.693505839271239, 35.743996001507469 ], [ 128.693368810559178, 35.744314338660665 ], [ 128.693001062266575, 35.745001005154101 ], [ 128.692730562241422, 35.745464389915512 ], [ 128.692437752775135, 35.746704937627428 ], [ 128.692611354517538, 35.747630492008085 ], [ 128.692611358634537, 35.747630521741677 ], [ 128.692611840868778, 35.747633081926622 ], [ 128.692720364969546, 35.748252267873454 ], [ 128.692766746863384, 35.748516887484435 ], [ 128.692844638432433, 35.748557531840966 ], [ 128.693289674675924, 35.748789743233722 ], [ 128.693628195766308, 35.748970528258248 ], [ 128.693786029671827, 35.749248917286941 ], [ 128.693910296775016, 35.749524014053165 ], [ 128.694087490782749, 35.749916268919115 ], [ 128.694174191461798, 35.750549249274286 ], [ 128.694275671483041, 35.751851173241192 ], [ 128.694291425981646, 35.752369313555825 ], [ 128.694330895144873, 35.753667347587808 ], [ 128.694686663351177, 35.754926028560533 ], [ 128.694737041258094, 35.755069222821447 ], [ 128.694737051575061, 35.755069258368636 ], [ 128.694744334627131, 35.755089954106559 ], [ 128.69507793780312, 35.755312468359627 ], [ 128.695485635860763, 35.755742182952424 ], [ 128.695357784801644, 35.756095746452672 ], [ 128.695357681823936, 35.756096034625656 ], [ 128.695252686769635, 35.756716267963299 ], [ 128.695217988675125, 35.756872412784702 ], [ 128.695012529606203, 35.757275581875753 ], [ 128.694808336547851, 35.757524027131147 ], [ 128.694801714972414, 35.757529760167714 ], [ 128.694311488077091, 35.758024319461121 ], [ 128.694200549700639, 35.758142911587257 ], [ 128.693197925486487, 35.758886347786827 ], [ 128.69257538141909, 35.759275266876458 ], [ 128.691901492289929, 35.759492612907508 ], [ 128.69189398873948, 35.759505536418359 ], [ 128.691627645843312, 35.759808891869177 ], [ 128.691406629288679, 35.760006283606785 ], [ 128.691186083933985, 35.760206344326384 ], [ 128.691165080651473, 35.760225396924255 ], [ 128.691042100386341, 35.760768754842481 ], [ 128.69102986740802, 35.760992458112391 ], [ 128.69101854312953, 35.761199506723969 ], [ 128.691016911561775, 35.761204180381881 ], [ 128.691006705097834, 35.761236004028987 ], [ 128.691289694435739, 35.762171322409614 ], [ 128.691380465544825, 35.762471334149716 ], [ 128.691472874802827, 35.762740066807275 ], [ 128.691469622745473, 35.762774189105983 ], [ 128.691472523408464, 35.763044196141038 ], [ 128.691468644552344, 35.763048899280122 ], [ 128.691458107048476, 35.763320170450839 ], [ 128.69143371975926, 35.763948104640043 ], [ 128.691430910457882, 35.763953767268568 ], [ 128.691306588747068, 35.764291959714591 ], [ 128.69073823262886, 35.76508432326262 ], [ 128.690056706312816, 35.765573483553453 ], [ 128.689356309114373, 35.766505932646361 ], [ 128.689337855381041, 35.766556310817641 ], [ 128.689349694332464, 35.766577133540231 ], [ 128.689375607837633, 35.76660176052215 ], [ 128.689364283712962, 35.766638250762753 ], [ 128.689393894290902, 35.767132126843784 ], [ 128.68904046997784, 35.767589706963498 ], [ 128.688616419200258, 35.768022857443569 ], [ 128.687357847466188, 35.768151331033494 ], [ 128.687117385389428, 35.768175876297668 ], [ 128.687104742712364, 35.768182532051483 ], [ 128.687036646667536, 35.768164615704762 ], [ 128.687059193385466, 35.768128254721717 ], [ 128.687054082352745, 35.768123474573244 ], [ 128.686942377506284, 35.768191983729736 ], [ 128.686932819043648, 35.768197898589634 ], [ 128.686839078714797, 35.76825073780843 ], [ 128.686456052489376, 35.768526197439812 ], [ 128.686350160435694, 35.768723673826301 ], [ 128.68635948984695, 35.769241458795349 ], [ 128.686359586533484, 35.769246888432605 ], [ 128.686361047149774, 35.769249892470967 ], [ 128.686174099296892, 35.769641032032318 ], [ 128.686121193218355, 35.76975172674836 ], [ 128.686132241084522, 35.769967364642206 ], [ 128.686168792488758, 35.770516029276763 ], [ 128.686177323715555, 35.770644056474893 ], [ 128.686161319590326, 35.770751450343056 ], [ 128.686090680551757, 35.771225536555377 ], [ 128.686164926154049, 35.771321859741327 ], [ 128.686196670583996, 35.771384937603401 ], [ 128.686366402408396, 35.77172216770748 ], [ 128.686445183439645, 35.77191976766612 ], [ 128.686629000287837, 35.77239792655844 ], [ 128.68696020349978, 35.772860136831639 ], [ 128.687041304775732, 35.77312903277744 ], [ 128.687048533229586, 35.77317799944192 ], [ 128.687054648659625, 35.773189596332337 ], [ 128.687057569974826, 35.773197084758429 ], [ 128.687180868216359, 35.77382435871943 ], [ 128.687167790631662, 35.773857000573784 ], [ 128.687023607169152, 35.774216976516655 ], [ 128.687030500359157, 35.774241445508622 ], [ 128.68701923721116, 35.774458872100915 ], [ 128.686992188864849, 35.774736280653826 ], [ 128.687066196913662, 35.775116033693827 ], [ 128.687068895291077, 35.775129879459399 ], [ 128.687069870485573, 35.775486482632651 ], [ 128.687070472681512, 35.775498860604117 ], [ 128.686989592823551, 35.775701929482665 ], [ 128.686916629508488, 35.775885122667923 ], [ 128.6869030772001, 35.775914324738324 ], [ 128.686668126657054, 35.776191918827827 ], [ 128.68663931135049, 35.776210418434545 ], [ 128.686656141512401, 35.776426945620187 ], [ 128.686502029169702, 35.777090488292956 ], [ 128.686499174116506, 35.777111962471182 ], [ 128.686458365122974, 35.777418964814821 ], [ 128.68643110129787, 35.77745747690652 ], [ 128.68601648082273, 35.778043215697728 ], [ 128.685735833113966, 35.778015550209822 ], [ 128.685677544586241, 35.777963358109432 ], [ 128.685662520631098, 35.777947449357484 ], [ 128.685660045033814, 35.777952695639065 ], [ 128.685594709372594, 35.777984725173773 ], [ 128.6854977315013, 35.778047829878943 ], [ 128.684928309802132, 35.778237749629156 ], [ 128.68492232538398, 35.778249451427349 ], [ 128.684562755446706, 35.778759192953082 ], [ 128.684509310884494, 35.778830133561378 ], [ 128.684504548611926, 35.778850615372974 ], [ 128.684294428218124, 35.779274688338575 ], [ 128.684278633276506, 35.779352851012895 ], [ 128.684265587700253, 35.77937365240944 ], [ 128.683949210704014, 35.779568940381878 ], [ 128.683465329674732, 35.780330397304098 ], [ 128.683309648779527, 35.780529332768914 ], [ 128.682976017122769, 35.780994859336559 ], [ 128.682978697749633, 35.780999400297169 ], [ 128.683105262263894, 35.781222040932676 ], [ 128.683196783181359, 35.781383038192921 ], [ 128.682962239133161, 35.781676551732829 ], [ 128.682912605422388, 35.781717345891373 ], [ 128.682804477154718, 35.781806221668234 ], [ 128.682540638576455, 35.782158573855035 ], [ 128.682443232395002, 35.782218436500571 ], [ 128.682120580736466, 35.782582525709614 ], [ 128.68206980016177, 35.782673561993377 ], [ 128.682064140253317, 35.782684064981289 ], [ 128.681855983386725, 35.783067554687982 ], [ 128.681823999674549, 35.783149107355605 ], [ 128.681749312396477, 35.783474379889569 ], [ 128.681743248238234, 35.783488898802872 ], [ 128.681739105418956, 35.783498820681231 ], [ 128.681732693163269, 35.783514116558607 ], [ 128.681562364850492, 35.783962821050025 ], [ 128.681542329337191, 35.784182017271185 ], [ 128.681463652158754, 35.784552430526453 ], [ 128.681424433590394, 35.7848280196853 ], [ 128.68142441853476, 35.784828107760696 ], [ 128.681396762588037, 35.78502243023518 ], [ 128.681403762675814, 35.785864602202139 ], [ 128.681436826052447, 35.785924830068581 ], [ 128.681501959483484, 35.786105399295366 ], [ 128.681566548246707, 35.78626739076477 ], [ 128.681646306949773, 35.786742997690645 ], [ 128.681648199227283, 35.786750932703072 ], [ 128.681888414045716, 35.78693073292014 ], [ 128.681960176271986, 35.78702514982993 ], [ 128.681983653822471, 35.78707042824216 ], [ 128.68213313575967, 35.787593193558862 ], [ 128.682308362096904, 35.787970474152885 ], [ 128.682362257705307, 35.787961198973605 ], [ 128.68235346315015, 35.787986743854333 ], [ 128.682388892946477, 35.788437717102923 ], [ 128.682400976655742, 35.788502739947042 ], [ 128.682395931427806, 35.788585833168121 ], [ 128.682389383368019, 35.788693713468668 ], [ 128.682379420249532, 35.78874540080075 ], [ 128.68239845112808, 35.788818965266771 ], [ 128.682395603816275, 35.788839938425902 ], [ 128.682370520963559, 35.789018294665567 ], [ 128.682363926719745, 35.789157420948065 ], [ 128.682358067514741, 35.789281032180739 ], [ 128.682357994774719, 35.789282545722052 ], [ 128.682339765989639, 35.789667204994515 ], [ 128.682331452467537, 35.789842694755642 ], [ 128.682358454061784, 35.789876005297316 ], [ 128.682441831195945, 35.790024322172229 ], [ 128.682501968545608, 35.790131299111287 ], [ 128.682511704842369, 35.790148617073953 ], [ 128.683243735390164, 35.790419083875143 ], [ 128.683642642475291, 35.790566467292187 ], [ 128.685193800552696, 35.790975139651231 ], [ 128.68557948705336, 35.791260050320908 ], [ 128.685930295156282, 35.791579644344566 ], [ 128.687277881502922, 35.792296572150072 ], [ 128.688026745126905, 35.792311342144487 ], [ 128.688316155122237, 35.792381383308538 ], [ 128.689239072067323, 35.792620390942751 ], [ 128.689767943249876, 35.792757347978025 ], [ 128.690217263650396, 35.793129855136314 ], [ 128.690444981203484, 35.793419550230539 ], [ 128.690893098293202, 35.794193390386816 ], [ 128.690964596480285, 35.794422732229897 ], [ 128.691026307366542, 35.795051338092314 ], [ 128.691098684532079, 35.795373439247683 ], [ 128.6912570052869, 35.795687312173527 ], [ 128.691761989156902, 35.795926819732905 ], [ 128.691943340469521, 35.796012829112129 ], [ 128.692660731399997, 35.796577819027775 ], [ 128.692697241834196, 35.796656633861041 ], [ 128.692841780118727, 35.796959067927979 ], [ 128.692957212812871, 35.796924721575316 ], [ 128.693306729613653, 35.796788319134571 ], [ 128.693912045471933, 35.796746073596609 ], [ 128.694381089843461, 35.796772538297226 ], [ 128.694408710263474, 35.796774095860101 ], [ 128.69456442563731, 35.796780267868549 ], [ 128.694962431980997, 35.795988456699952 ], [ 128.695337768181901, 35.79560891619527 ], [ 128.695385835480721, 35.795514690169291 ], [ 128.695544646729246, 35.795298230720647 ], [ 128.6965321221316, 35.794576637426211 ], [ 128.697470849366908, 35.794351444225164 ], [ 128.697758763297315, 35.794455111977207 ], [ 128.697764890754229, 35.794459403674196 ], [ 128.697981311685993, 35.794610996167428 ], [ 128.698555650614708, 35.794756366324712 ], [ 128.698892081935611, 35.794829173986123 ], [ 128.699271779744407, 35.794933493259443 ], [ 128.699736469422874, 35.795033532742458 ], [ 128.699808548402217, 35.795049047849851 ], [ 128.699844763380355, 35.79507500753018 ], [ 128.699998362952954, 35.795185101394139 ], [ 128.700100222992774, 35.795258112352258 ], [ 128.700233815303449, 35.795353863877843 ], [ 128.700306271592353, 35.795436848729246 ], [ 128.700334830290842, 35.795748132645507 ], [ 128.700348221116116, 35.796230617744989 ], [ 128.70040653014803, 35.79662703656431 ], [ 128.700493842159773, 35.796758499581465 ], [ 128.700607832858651, 35.796920027795409 ], [ 128.700628639529299, 35.796949507082083 ], [ 128.700792837674385, 35.797044271133153 ], [ 128.701413131911949, 35.797385340967466 ], [ 128.701535335622367, 35.797464421777825 ], [ 128.701535359690894, 35.797464438645157 ], [ 128.701669371991045, 35.797551157406559 ], [ 128.701740579080223, 35.797638255022456 ], [ 128.702207861166414, 35.798209790404584 ], [ 128.702270215149042, 35.798286055154335 ], [ 128.702574605766245, 35.798564935200517 ], [ 128.702628053113273, 35.798601675592586 ], [ 128.703595002896918, 35.799154310852522 ], [ 128.703871351382162, 35.79931224568638 ], [ 128.704094584370893, 35.799379729495179 ], [ 128.705430678167886, 35.799783625295589 ], [ 128.705723924646009, 35.799854891951377 ], [ 128.706029064905493, 35.7999366192834 ], [ 128.707135889947523, 35.799886386063136 ], [ 128.707690940383088, 35.800170160396583 ], [ 128.707727334449743, 35.800188764960275 ], [ 128.707769816988588, 35.800245901000622 ], [ 128.707879578465167, 35.800388535816531 ], [ 128.707879365511531, 35.800539596244235 ], [ 128.707878927880671, 35.800848177789717 ], [ 128.707875523001405, 35.801055504667175 ], [ 128.707870017365167, 35.801390878746759 ], [ 128.707870882385208, 35.801579584697436 ], [ 128.707726834950819, 35.802392191139347 ], [ 128.707771402784061, 35.80249312383441 ], [ 128.707788597493334, 35.802519500225827 ], [ 128.707930267752431, 35.802595637101128 ], [ 128.707930294570446, 35.802595653040861 ], [ 128.708206618629873, 35.802744149805321 ], [ 128.70852156477045, 35.802921146339358 ], [ 128.708521962031966, 35.802921362326273 ], [ 128.708671530584326, 35.803004103954542 ], [ 128.710144566694737, 35.804232348600728 ], [ 128.71016038827932, 35.804245540554618 ], [ 128.710199306152163, 35.804266019866049 ], [ 128.710242503962377, 35.804290377860227 ], [ 128.711641502180044, 35.804772126389416 ], [ 128.713045650293026, 35.805033072263363 ], [ 128.713794047819562, 35.804874334261477 ], [ 128.713795201600561, 35.804874080091743 ], [ 128.714328286023601, 35.804758159513398 ], [ 128.714947139332224, 35.805102246834885 ], [ 128.716057696605048, 35.805284301544148 ], [ 128.716431181724687, 35.805925853622689 ], [ 128.716849254893248, 35.806643971422879 ], [ 128.717512599805161, 35.806829448768127 ], [ 128.717515872719588, 35.80683185523575 ], [ 128.717519496636584, 35.806836084705999 ], [ 128.717520615108839, 35.806847075098112 ], [ 128.717572277230573, 35.807354993935014 ], [ 128.717577576477026, 35.807516530213562 ], [ 128.71758143115278, 35.808086158973268 ], [ 128.717455574161448, 35.808325705756552 ], [ 128.717430349517116, 35.808373714537304 ], [ 128.717405632498782, 35.808420757110262 ], [ 128.717089770844808, 35.80852055501407 ], [ 128.717088900674611, 35.808520829784555 ], [ 128.717065724851466, 35.808528104715307 ], [ 128.716900454849593, 35.808589882183348 ], [ 128.71666964559185, 35.80867615732474 ], [ 128.716659480664504, 35.808681878724983 ], [ 128.716577313982384, 35.808727761248576 ], [ 128.715912381929201, 35.809286894007727 ], [ 128.715840196500778, 35.809347592252976 ], [ 128.71565846893057, 35.810080267862212 ], [ 128.715670293722326, 35.810334237182929 ], [ 128.715681260578975, 35.810569819771764 ], [ 128.715699630941543, 35.810878490961571 ], [ 128.715706867826157, 35.811000089141828 ], [ 128.715428748506554, 35.811322752996695 ], [ 128.715307822186759, 35.811778301582152 ], [ 128.715225296249685, 35.812037219624742 ], [ 128.71485049212373, 35.812659881210855 ], [ 128.714629393785003, 35.813568075200202 ], [ 128.714662716066073, 35.813674185416055 ], [ 128.71478928656893, 35.814105398951419 ], [ 128.71483105710746, 35.814556409361472 ], [ 128.714814051821634, 35.814621845011253 ], [ 128.714260355863786, 35.815177898785535 ], [ 128.714141298851814, 35.815302513957818 ], [ 128.714122183553002, 35.815378226945079 ], [ 128.714127107266165, 35.8161719149875 ], [ 128.714064267364137, 35.816291769040234 ], [ 128.714091145046183, 35.816851079963996 ], [ 128.713885361241807, 35.817508177943182 ], [ 128.713585970972161, 35.817831217294099 ], [ 128.713210540284024, 35.818236156458319 ], [ 128.71278450208203, 35.818683781796565 ], [ 128.712530307064242, 35.818857622621415 ], [ 128.712478462315516, 35.818906652148698 ], [ 128.712136357442347, 35.819382784059385 ], [ 128.712133347007295, 35.819384487711353 ], [ 128.711788940032619, 35.81957935953136 ], [ 128.711329675658305, 35.819928892628695 ], [ 128.710946966598982, 35.82023748558457 ], [ 128.710695756374577, 35.820438038098857 ], [ 128.710101514211459, 35.82089507915552 ], [ 128.709595465761652, 35.821096010513877 ], [ 128.709454004672438, 35.821229908110773 ], [ 128.709064762999361, 35.821598336837802 ], [ 128.709029534149977, 35.822041234684995 ], [ 128.709025273728344, 35.822094794442819 ], [ 128.708973927033981, 35.822215775266088 ], [ 128.708937724298579, 35.822301612487855 ], [ 128.708831736663626, 35.822527895727681 ], [ 128.708808503265431, 35.822577499595127 ], [ 128.708667251476385, 35.822879070309021 ], [ 128.708618938557805, 35.823125593875268 ], [ 128.708570625498623, 35.823372126432183 ], [ 128.708600765246928, 35.823583286297882 ], [ 128.708607312865126, 35.823629155694931 ], [ 128.708623915811614, 35.823745472624537 ], [ 128.708714362197014, 35.824222774171986 ], [ 128.708743386048781, 35.826093953216315 ], [ 128.708745215063487, 35.826212005410909 ], [ 128.708687093224512, 35.826292838458734 ], [ 128.70868100074361, 35.826301313061897 ], [ 128.708622991054369, 35.826381994390864 ], [ 128.70863734598359, 35.826567935859359 ], [ 128.70890805502458, 35.826904265070112 ], [ 128.709245898476894, 35.827212176329979 ], [ 128.709502677343664, 35.827487084203469 ], [ 128.70972539509674, 35.82772552738232 ], [ 128.709808682883079, 35.827814694993343 ], [ 128.709851702802666, 35.827812411132484 ], [ 128.70992784685285, 35.827808369064691 ], [ 128.709991078618742, 35.827825283935155 ], [ 128.710019234745374, 35.82783281603551 ], [ 128.710023063227709, 35.827832177952487 ], [ 128.710235341175974, 35.827796864916685 ], [ 128.710305015972523, 35.827804223150338 ], [ 128.710318456273114, 35.82780564928678 ], [ 128.71030266469208, 35.827859198499105 ], [ 128.71030751613236, 35.827923080810173 ], [ 128.710307546315278, 35.827923464569267 ], [ 128.710308068741625, 35.82793038326129 ], [ 128.710308588981604, 35.827937303778377 ], [ 128.710310094072298, 35.827957319402046 ], [ 128.710316573763549, 35.828043491621486 ], [ 128.71032767367376, 35.828120143753722 ], [ 128.710336752953708, 35.828182854731999 ], [ 128.710353679208595, 35.828299735128617 ], [ 128.710363878637651, 35.828369355167773 ], [ 128.710372631683839, 35.828428731864342 ], [ 128.710720431767186, 35.828892932375048 ], [ 128.71090656016014, 35.829106979762216 ], [ 128.711138258095161, 35.829355926625837 ], [ 128.711195720416725, 35.82941765944858 ], [ 128.711196944339036, 35.829419301468533 ], [ 128.711241305492308, 35.829479195078392 ], [ 128.711285878780586, 35.829539374989167 ], [ 128.71162950616403, 35.829859001559193 ], [ 128.711992931671261, 35.829974107808326 ], [ 128.712278923243531, 35.830220531289811 ], [ 128.712316812359973, 35.83025313789755 ], [ 128.71232496896431, 35.830260167986857 ], [ 128.712398154093762, 35.830323244488646 ], [ 128.712545707414336, 35.83052676595338 ], [ 128.712577061359582, 35.830570015918823 ], [ 128.712630794388275, 35.830644128404018 ], [ 128.712676823761285, 35.830707617586192 ], [ 128.712711164025535, 35.830732592143441 ], [ 128.713170046100913, 35.831066395474394 ], [ 128.713171784959457, 35.831067750989348 ], [ 128.713599016001808, 35.831396650342384 ], [ 128.714100542559947, 35.831771644156845 ], [ 128.714122400285532, 35.831788139964765 ], [ 128.71416921824067, 35.831853162238687 ], [ 128.714605863260743, 35.83245968058992 ], [ 128.71473767776385, 35.832642777577263 ], [ 128.714798686226999, 35.832727518305404 ], [ 128.715488796979741, 35.833178667910644 ], [ 128.715494799309795, 35.833180882722907 ], [ 128.715615748545105, 35.833225413193155 ], [ 128.715653157199256, 35.833239186474643 ], [ 128.716002081029785, 35.833367674485025 ], [ 128.716068096211188, 35.83339198403133 ], [ 128.716688016178978, 35.833788174870655 ], [ 128.716750381911538, 35.83383026358603 ], [ 128.716810516000521, 35.833870848533245 ], [ 128.716857022560959, 35.83389702035138 ], [ 128.716893180330118, 35.833917368325146 ], [ 128.716909272804372, 35.83392368663938 ], [ 128.716933248904695, 35.833933100390631 ], [ 128.716924176758027, 35.833993038377564 ], [ 128.716912281262182, 35.834022013105113 ], [ 128.71690349306769, 35.834043419365862 ], [ 128.716957645155304, 35.834024828152103 ], [ 128.716934434984978, 35.834035338224425 ], [ 128.716959824543949, 35.834081257818468 ], [ 128.716959963389485, 35.834081508869033 ], [ 128.716962679750054, 35.834109380876178 ], [ 128.716963128645688, 35.834114125721044 ], [ 128.71696520358924, 35.834136100842557 ], [ 128.716958239597261, 35.834149435944944 ], [ 128.716949713817968, 35.834165769206784 ], [ 128.71697564905989, 35.834199284207571 ], [ 128.716976681357124, 35.834199602820654 ], [ 128.717017110259292, 35.834212095526567 ], [ 128.717058419871563, 35.834237379574205 ], [ 128.717078352934976, 35.834239482063495 ], [ 128.717137139462551, 35.834199570742463 ], [ 128.717136311051433, 35.834198756013727 ], [ 128.717135211896675, 35.83419746710463 ], [ 128.717134406266211, 35.834196041792453 ], [ 128.717133914760296, 35.834194524044662 ], [ 128.717133756899614, 35.834192959642898 ], [ 128.717133931213851, 35.834191397285885 ], [ 128.717134438405111, 35.834189882945985 ], [ 128.717135258156929, 35.83418846370968 ], [ 128.717136368963054, 35.834187181266408 ], [ 128.717137735992509, 35.834186074735719 ], [ 128.717199565506746, 35.834144102261511 ], [ 128.717200984526954, 35.834143282799431 ], [ 128.717202545986311, 35.834142655728904 ], [ 128.717204204705411, 35.834142235030761 ], [ 128.7172059253989, 35.834142030078006 ], [ 128.717207666111818, 35.834142048508092 ], [ 128.717209380296339, 35.834142287186104 ], [ 128.717211028060035, 35.834142743811711 ], [ 128.717212565997016, 35.834143403497997 ], [ 128.717213958477402, 35.834144253082627 ], [ 128.717215170799591, 35.834145267673591 ], [ 128.717243324306764, 35.834172875697831 ], [ 128.717283078472974, 35.834174753931677 ], [ 128.717283315554369, 35.834173314451718 ], [ 128.717283816296742, 35.834171957948627 ], [ 128.717284571802992, 35.83417068180777 ], [ 128.717285563736596, 35.834169517769432 ], [ 128.717286769291576, 35.834168494914252 ], [ 128.71728815563074, 35.834167637916934 ], [ 128.717289689889043, 35.83416696964931 ], [ 128.717291332421979, 35.834166504036169 ], [ 128.717293045785311, 35.834166254078717 ], [ 128.717294784689471, 35.834166226546536 ], [ 128.717318025267275, 35.83416734615377 ], [ 128.717327413774797, 35.834158354503145 ], [ 128.717340889709305, 35.834152179373291 ], [ 128.717363789004395, 35.83414168589551 ], [ 128.717441410312546, 35.834099907627888 ], [ 128.717466406289986, 35.834101863194661 ], [ 128.717493280042078, 35.834103967420461 ], [ 128.717524469265953, 35.834104176122743 ], [ 128.71756044847092, 35.83410434349635 ], [ 128.717632924053106, 35.834083603635662 ], [ 128.717653793422272, 35.834104522809199 ], [ 128.717731403171541, 35.834125970508573 ], [ 128.717808881743252, 35.834142889174188 ], [ 128.717876146019961, 35.834231605647432 ], [ 128.717866638749229, 35.834259118281267 ], [ 128.717860198672241, 35.834277747463297 ], [ 128.717865424959285, 35.834311322487309 ], [ 128.717886037758689, 35.834353548858346 ], [ 128.717927450079344, 35.834429279858647 ], [ 128.717947409934141, 35.834470505798947 ], [ 128.718004896877972, 35.834589245691674 ], [ 128.718005919504435, 35.83460111692812 ], [ 128.718009972782482, 35.834648177554534 ], [ 128.718037036518012, 35.834722014631247 ], [ 128.718056212913837, 35.83477433941674 ], [ 128.718049022764149, 35.834815095853223 ], [ 128.718045790899282, 35.83483334181917 ], [ 128.718030090835754, 35.83487523662761 ], [ 128.718033607523523, 35.834888442114405 ], [ 128.718045872292748, 35.834934196106339 ], [ 128.718071495068756, 35.835064623933803 ], [ 128.718107422782509, 35.835111148696583 ], [ 128.718148990062787, 35.835144905260449 ], [ 128.718174700665031, 35.83519959166933 ], [ 128.718190146542725, 35.835287933484373 ], [ 128.718218993148895, 35.835307672686007 ], [ 128.718251883319397, 35.835330176524224 ], [ 128.718267089916367, 35.835367125833692 ], [ 128.718272661621029, 35.835380661182278 ], [ 128.718284404724699, 35.835397858284352 ], [ 128.718305071056477, 35.835428128514252 ], [ 128.718324453062564, 35.83545651398952 ], [ 128.718356840675256, 35.835471487700424 ], [ 128.718406882841293, 35.835494624480418 ], [ 128.718557199897816, 35.835537245774375 ], [ 128.718676142828969, 35.835600605277044 ], [ 128.718711764002364, 35.835622416843322 ], [ 128.718738144008313, 35.835638603565087 ], [ 128.718768975311093, 35.835672338067077 ], [ 128.718825942754222, 35.835701897424798 ], [ 128.718965802077037, 35.835752910458439 ], [ 128.719069046387148, 35.835812024718244 ], [ 128.719156950090934, 35.835845896841754 ], [ 128.719188889668629, 35.835856894507444 ], [ 128.719315504861811, 35.835900483771852 ], [ 128.719369947349605, 35.83589185340287 ], [ 128.719403040070688, 35.835886608626964 ], [ 128.719577916081249, 35.835979545785676 ], [ 128.719686911975316, 35.836024195818268 ], [ 128.719706185601808, 35.836032091013152 ], [ 128.719770114851428, 35.836058278660857 ], [ 128.71984018764357, 35.836051260069304 ], [ 128.720006308662676, 35.83602334918028 ], [ 128.720123636803351, 35.836027626741782 ], [ 128.720225038568429, 35.836031270745195 ], [ 128.720417369542446, 35.836017678478193 ], [ 128.720513930671331, 35.835911310564711 ], [ 128.720583653785411, 35.835881334310308 ], [ 128.720645213214084, 35.835854867750939 ], [ 128.720828909292692, 35.835791371363207 ], [ 128.72092931151829, 35.835731754758363 ], [ 128.720961907717026, 35.835712398965406 ], [ 128.720995470472246, 35.835692466264923 ], [ 128.721012055100488, 35.835681293377021 ], [ 128.721100484333988, 35.835621687397946 ], [ 128.721124927810791, 35.835559165049993 ], [ 128.721125063121519, 35.835558819281253 ], [ 128.721153244023839, 35.835486740338119 ], [ 128.72123092806973, 35.835411395939431 ], [ 128.721284735389901, 35.835359267565579 ], [ 128.721390016876484, 35.835174900715892 ], [ 128.721461146554674, 35.835050551192616 ], [ 128.721556604036095, 35.834883842724444 ], [ 128.721696712977717, 35.834678239758716 ], [ 128.721713787369907, 35.834677150187922 ], [ 128.721801638625124, 35.834671583327392 ], [ 128.721921420983421, 35.834702821322558 ], [ 128.721928228407052, 35.834704596680467 ], [ 128.721993941620099, 35.834721734144033 ], [ 128.722042445971368, 35.834751405085058 ], [ 128.72204621360035, 35.834753714416877 ], [ 128.722098865479666, 35.834785917994431 ], [ 128.722187904173808, 35.83481676156363 ], [ 128.722265019743901, 35.834843474612725 ], [ 128.722354981307632, 35.834938073769607 ], [ 128.722372728507963, 35.8349567357441 ], [ 128.72238701318679, 35.834971757279504 ], [ 128.722395055568853, 35.834988067525671 ], [ 128.722404519847515, 35.835007284342019 ], [ 128.722457004709554, 35.835050158448915 ], [ 128.722470491609727, 35.835061168059973 ], [ 128.722474514555728, 35.835064457474573 ], [ 128.722683835623997, 35.835150447520199 ], [ 128.722724966078601, 35.835184038335903 ], [ 128.72280608562653, 35.835250283103306 ], [ 128.72283018690004, 35.835258036218661 ], [ 128.722836659088813, 35.835260118072661 ], [ 128.722839548652502, 35.835261047921172 ], [ 128.722918388984937, 35.835286407789631 ], [ 128.723035846269539, 35.835324191063073 ], [ 128.723228953103671, 35.835346498918483 ], [ 128.723269168157657, 35.835357221929442 ], [ 128.723296210528616, 35.835364431339457 ], [ 128.723418810966905, 35.835397173579004 ], [ 128.723521276691997, 35.835418814317265 ], [ 128.723563646092856, 35.835432836618004 ], [ 128.723607829368632, 35.835447457096436 ], [ 128.723768347526573, 35.835488808569991 ], [ 128.72382135424823, 35.835505833709895 ], [ 128.723910821702219, 35.835517788571337 ], [ 128.724011747977158, 35.835559054266312 ], [ 128.724060927162498, 35.835579161798712 ], [ 128.724175986651005, 35.835626204924893 ], [ 128.724226542160153, 35.835658426203857 ], [ 128.724268970153531, 35.835682586530417 ], [ 128.724407078453851, 35.835761224727577 ], [ 128.724425493236794, 35.835775155423264 ], [ 128.724445100735437, 35.835785358659287 ], [ 128.724625402932361, 35.835882036764808 ], [ 128.724645454010869, 35.835892788115721 ], [ 128.724661816617498, 35.835901561163894 ], [ 128.724697312457295, 35.835926855960231 ], [ 128.72473572588072, 35.835954230361381 ], [ 128.724804794825985, 35.83600345081976 ], [ 128.724919021824974, 35.836027381227062 ], [ 128.724983581457991, 35.836009274279661 ], [ 128.725009702160207, 35.836001948087258 ], [ 128.725008846388533, 35.835999288212356 ], [ 128.725009532861122, 35.835999145981077 ], [ 128.725040421706836, 35.835998492999863 ], [ 128.72504109020764, 35.835998478070685 ], [ 128.725048550602367, 35.836010460356277 ], [ 128.725072484274818, 35.83604890196365 ], [ 128.725076975383075, 35.836116761201438 ], [ 128.725079727325237, 35.836158566138153 ], [ 128.725124990458909, 35.836332081087839 ], [ 128.725140514887045, 35.836355818487988 ], [ 128.725146917646555, 35.836365608992466 ], [ 128.725165044212559, 35.836393323658527 ], [ 128.725173948364301, 35.836424480722577 ], [ 128.725198866991747, 35.836511671945914 ], [ 128.725182117801467, 35.836543740498144 ], [ 128.725151642303643, 35.836602088826652 ], [ 128.725150217980712, 35.83660481599626 ], [ 128.72515016561897, 35.836604915828211 ], [ 128.725144551446078, 35.8366156654943 ], [ 128.725020842229441, 35.836852520715382 ], [ 128.724748415258375, 35.837374092204904 ], [ 128.72474474107986, 35.837379603886852 ], [ 128.724693217544086, 35.837461178688386 ], [ 128.72468898808873, 35.837467877964656 ], [ 128.724687443490524, 35.837470322492429 ], [ 128.724670506994102, 35.837497129703152 ], [ 128.724664125259125, 35.8375210507525 ], [ 128.724655761693811, 35.837552465878503 ], [ 128.724640764130953, 35.837581595560067 ], [ 128.724601148951791, 35.837658535779383 ], [ 128.724586776487598, 35.837686413136609 ], [ 128.724548732180551, 35.837729487601031 ], [ 128.724526715708038, 35.837754417235843 ], [ 128.724501910249757, 35.837808309746158 ], [ 128.724372075266814, 35.837969202313438 ], [ 128.724258429818207, 35.838110034279588 ], [ 128.724250914493126, 35.838119347298381 ], [ 128.724242239778789, 35.838130095647863 ], [ 128.724121648169756, 35.838327980075192 ], [ 128.724085446858652, 35.838396063644495 ], [ 128.724071550515959, 35.83846078169006 ], [ 128.724070677334595, 35.838464848465321 ], [ 128.724083624720095, 35.838536821914722 ], [ 128.724085143621949, 35.838545227829862 ], [ 128.724085238973771, 35.838545754289854 ], [ 128.72408564946096, 35.838545735683304 ], [ 128.724130697395424, 35.838543658480759 ], [ 128.724180758807393, 35.838567164955414 ], [ 128.724214101736749, 35.838667932671946 ], [ 128.724216733827035, 35.838675276879165 ], [ 128.724220012833115, 35.838684425909832 ], [ 128.724223765687242, 35.838694897044441 ], [ 128.724228813974776, 35.838708981968828 ], [ 128.724228640637733, 35.838717012067939 ], [ 128.724227629800367, 35.838741440940716 ], [ 128.724226826026467, 35.838760827118683 ], [ 128.724207456553103, 35.838904577002559 ], [ 128.724202113684754, 35.838930187776569 ], [ 128.724197627704882, 35.838951691345457 ], [ 128.724192104269036, 35.838978164033861 ], [ 128.724191466609739, 35.838992797332303 ], [ 128.72418863934746, 35.839057755108684 ], [ 128.724188535276681, 35.839069581842203 ], [ 128.724188438451819, 35.839080564652448 ], [ 128.72419069263492, 35.83908351230518 ], [ 128.724131305141071, 35.839207071303512 ], [ 128.724129358510936, 35.839211121853374 ], [ 128.72412796129808, 35.839215103775985 ], [ 128.724097518509552, 35.839301855791845 ], [ 128.724094827002858, 35.839323410501507 ], [ 128.724102781724383, 35.839370424807868 ], [ 128.724091415416382, 35.83938636294728 ], [ 128.72408441348486, 35.8393961817847 ], [ 128.724063154048793, 35.839426030610518 ], [ 128.724075853812053, 35.839432370784444 ], [ 128.724090737319187, 35.839439739921929 ], [ 128.724111971835981, 35.839470464966915 ], [ 128.724240278222908, 35.839656117348689 ], [ 128.724267452418673, 35.839695435800238 ], [ 128.724276865669395, 35.839715803347048 ], [ 128.724295300390821, 35.839755900524096 ], [ 128.724330063918444, 35.839954246846141 ], [ 128.724325591144918, 35.839984172598683 ], [ 128.72431837890008, 35.840032385421161 ], [ 128.724319440410341, 35.840057940851239 ], [ 128.724320344290163, 35.840078498774751 ], [ 128.724381989876036, 35.840210673031876 ], [ 128.724347899185972, 35.84031295901918 ], [ 128.724361962228443, 35.840441418675788 ], [ 128.724397382856921, 35.840441366080654 ], [ 128.724445978053581, 35.840493444061828 ], [ 128.724484972580058, 35.840515920896266 ], [ 128.724617602217563, 35.840563878789752 ], [ 128.72481851605329, 35.840636527344806 ], [ 128.72488321751166, 35.84068313442372 ], [ 128.724932004983401, 35.840725075883952 ], [ 128.724960218255518, 35.840770067864632 ], [ 128.724965463919773, 35.840780553542132 ], [ 128.724969672256748, 35.84078896089617 ], [ 128.725007183211318, 35.840840156327133 ], [ 128.725029673838378, 35.840870353546123 ], [ 128.725082937752063, 35.840941866221485 ], [ 128.725161888760454, 35.841067240792484 ], [ 128.725218153376858, 35.841146229137081 ], [ 128.725225455755862, 35.841188207613612 ], [ 128.725277271203282, 35.841255074838266 ], [ 128.725320957111222, 35.841325309298767 ], [ 128.725354189436871, 35.841368899469479 ], [ 128.725378837303083, 35.841392045210476 ], [ 128.725422590727732, 35.841421311477383 ], [ 128.725494866950271, 35.841517953776773 ], [ 128.725538203656356, 35.841550929632334 ], [ 128.725527604315943, 35.841586289358347 ], [ 128.72550861172067, 35.841626667084256 ], [ 128.725626610045794, 35.841762973778721 ], [ 128.72579665900443, 35.841948821599146 ], [ 128.725807305013575, 35.841960535954549 ], [ 128.725980365263041, 35.842150975942779 ], [ 128.726131979763778, 35.842317813688659 ], [ 128.726206855801337, 35.842402403188956 ], [ 128.726303279725187, 35.842511332821871 ], [ 128.726347137027261, 35.842560877202594 ], [ 128.726345185243105, 35.842614695473266 ], [ 128.726336407830871, 35.842880222881895 ], [ 128.726294150278051, 35.843005018838902 ], [ 128.726276955894008, 35.843105234202348 ], [ 128.726241984770894, 35.843496139158766 ], [ 128.726205452851644, 35.843904499643102 ], [ 128.726202327610793, 35.843939424321775 ], [ 128.726252328710075, 35.843994677307485 ], [ 128.726463830880846, 35.844228391291608 ], [ 128.726620932943717, 35.844347361179643 ], [ 128.726728957280073, 35.844429165982291 ], [ 128.726752474702749, 35.844572868616886 ], [ 128.726760878602192, 35.844704120049514 ], [ 128.72676387507434, 35.844750932308692 ], [ 128.726769703196453, 35.844842050390135 ], [ 128.726769733915205, 35.844842535111631 ], [ 128.726632858919999, 35.845437272920122 ], [ 128.726703084227438, 35.845661536505297 ], [ 128.726774787800139, 35.845890159275093 ], [ 128.726862250182791, 35.846191762192689 ], [ 128.72696511347479, 35.846501035027977 ], [ 128.726906469437239, 35.846947022197803 ], [ 128.726871571320203, 35.847212430315068 ], [ 128.726798420557998, 35.847384041174458 ], [ 128.726533536635998, 35.848005485085629 ], [ 128.72648448477554, 35.848120232274304 ], [ 128.725954509279831, 35.84923397469128 ], [ 128.725677523676524, 35.8499218095915 ], [ 128.725564887368478, 35.85020151282658 ], [ 128.725577298665684, 35.850343257087751 ], [ 128.725625607911127, 35.850901033855052 ], [ 128.725660777133328, 35.851307108008896 ], [ 128.725658401764747, 35.851596908001312 ], [ 128.725625650222611, 35.851777316191132 ], [ 128.725524441557155, 35.852154639048614 ], [ 128.72536480950123, 35.852749767522454 ], [ 128.725336183476429, 35.852765836633438 ], [ 128.725285514495255, 35.852794278051263 ], [ 128.724894211088696, 35.853014471924233 ], [ 128.724890930021786, 35.853149967062215 ], [ 128.724895977192801, 35.853158868007966 ], [ 128.724904493785971, 35.853173882160483 ], [ 128.724952339353962, 35.853258248341902 ], [ 128.724970767142139, 35.853290745289861 ], [ 128.725040749277667, 35.853321583310326 ], [ 128.725101385782182, 35.85334830273878 ], [ 128.725120727668951, 35.853363983623503 ], [ 128.725134416194322, 35.853375127850356 ], [ 128.725159031735984, 35.853395280737445 ], [ 128.725258420438081, 35.853476651807512 ], [ 128.72526408312558, 35.853481289334653 ], [ 128.725266815230583, 35.853483527970624 ], [ 128.725268728564942, 35.853485093384208 ], [ 128.725334501790684, 35.853538964611239 ], [ 128.725352939828952, 35.853606294624576 ], [ 128.725374887630636, 35.853632053473262 ], [ 128.725431675118614, 35.853698709232582 ], [ 128.725445774064553, 35.853757237467981 ], [ 128.725448374370927, 35.853768036770326 ], [ 128.725424160208831, 35.853813336970717 ], [ 128.725144941099188, 35.854000291333222 ], [ 128.724907507292329, 35.854159258611489 ], [ 128.724843809481115, 35.85419726921964 ], [ 128.724766241139207, 35.85424355950088 ], [ 128.724562743591946, 35.854364479971501 ], [ 128.724444150113641, 35.854567311615106 ], [ 128.724407177671196, 35.854630549982019 ], [ 128.724161778916709, 35.854813195978785 ], [ 128.723717700546331, 35.854973548738393 ], [ 128.723074713380441, 35.855329747719544 ], [ 128.722744781264197, 35.855445153655239 ], [ 128.722720182916362, 35.855506240684001 ], [ 128.722694878112122, 35.855569138901245 ], [ 128.722693147929192, 35.855618946475595 ], [ 128.722651742442167, 35.855637885731269 ], [ 128.722635450957654, 35.855744842968178 ], [ 128.722634795675901, 35.855813231388844 ], [ 128.72263439868874, 35.855859208225517 ], [ 128.722650222407481, 35.855989989371515 ], [ 128.722656706843679, 35.856043592715096 ], [ 128.722571616447453, 35.856143073931314 ], [ 128.722401675018432, 35.856262095017122 ], [ 128.722372533068864, 35.856292143623193 ], [ 128.722311442355505, 35.856393255687159 ], [ 128.722275115588189, 35.856435090322115 ], [ 128.722251182396235, 35.8564626472089 ], [ 128.722156585500471, 35.85657156221535 ], [ 128.722136890833156, 35.856594237336012 ], [ 128.722064531219274, 35.856669087232312 ], [ 128.722034202268645, 35.85672218246112 ], [ 128.721947235975648, 35.856844715146401 ], [ 128.72187409315265, 35.856947790541369 ], [ 128.722294130993276, 35.857048776476894 ], [ 128.722385423284919, 35.857070829945279 ], [ 128.722387588672746, 35.857071354252213 ], [ 128.72239887867039, 35.857070811138406 ], [ 128.722434990744318, 35.85706907513228 ], [ 128.722670112402596, 35.857161710406196 ], [ 128.722729335206253, 35.857290140327009 ], [ 128.722753112556063, 35.857430249058524 ], [ 128.722830587245369, 35.857622013716956 ], [ 128.722882904527864, 35.857684836760683 ], [ 128.722958069521979, 35.857775086773927 ], [ 128.72299382820421, 35.857844407216405 ], [ 128.723053516298734, 35.857868897836752 ], [ 128.723136167541469, 35.857875271470832 ], [ 128.723167510600206, 35.857877678640101 ], [ 128.723556016621842, 35.857783694420277 ], [ 128.723604732042588, 35.857780878559403 ], [ 128.723653437065138, 35.857778106960744 ], [ 128.723727334058736, 35.857785873900248 ], [ 128.723784856651207, 35.857791955812566 ], [ 128.723876647260624, 35.857845838615106 ], [ 128.72392111590031, 35.857861703647522 ], [ 128.72398432197275, 35.857884344041366 ], [ 128.724038605662997, 35.857925457027868 ], [ 128.724083533047718, 35.857959484472637 ], [ 128.724145545720091, 35.857983299038722 ], [ 128.724351486861934, 35.857999250305141 ], [ 128.724794329379847, 35.857939403577497 ], [ 128.725007145243183, 35.857847362616617 ], [ 128.725103881455851, 35.857818472269216 ], [ 128.725334002005127, 35.857749745966352 ], [ 128.725510849949728, 35.857800982064319 ], [ 128.725515002517511, 35.857797427262369 ], [ 128.725597501204902, 35.857726837191713 ], [ 128.726124259474062, 35.857276107429385 ], [ 128.726614644887803, 35.856856489635156 ], [ 128.727675262174017, 35.856236625982156 ], [ 128.728994975024079, 35.855464056859347 ], [ 128.729658812295298, 35.855075429468762 ], [ 128.729967159946881, 35.854943472108538 ], [ 128.730476235919326, 35.854632857128891 ], [ 128.730510571597904, 35.85461099355782 ], [ 128.731106037609635, 35.854231819782875 ], [ 128.731483083301157, 35.853996356188553 ], [ 128.731634194788597, 35.853847711966885 ], [ 128.73163611461527, 35.853845822469729 ], [ 128.731680875873622, 35.853801795706161 ], [ 128.731799463521213, 35.853685148514948 ], [ 128.731927443350799, 35.853588399936591 ], [ 128.732052175422268, 35.853493264045909 ], [ 128.732085802708809, 35.853467618077232 ], [ 128.732220692407992, 35.85336473630074 ], [ 128.732655120724104, 35.853032111831325 ], [ 128.732716485385112, 35.852973169925157 ], [ 128.732742598399454, 35.852948089515557 ], [ 128.733002579238985, 35.852730252181068 ], [ 128.733469216846174, 35.85233926683707 ], [ 128.733693470674126, 35.852208008287214 ], [ 128.73370301841635, 35.852202419802211 ], [ 128.733772196835758, 35.852161936608447 ], [ 128.733855196548518, 35.852113484621384 ], [ 128.734181322480083, 35.851923107783939 ], [ 128.734434484152501, 35.851775322992111 ], [ 128.734648224343687, 35.85166383171407 ], [ 128.735019738934909, 35.851441908380657 ], [ 128.735189614127023, 35.851424231616932 ], [ 128.735189655019923, 35.851424227476834 ], [ 128.735233356007171, 35.851419679844099 ], [ 128.736282297248096, 35.851284851815002 ], [ 128.737017339420106, 35.851206905497271 ], [ 128.737238570743472, 35.851183468068399 ], [ 128.737453571038259, 35.851160693041123 ], [ 128.737581053926704, 35.851176320050399 ], [ 128.737802081512768, 35.851203482286046 ], [ 128.738572368619344, 35.851298224900461 ], [ 128.738651087752942, 35.851338725976859 ], [ 128.738951793484631, 35.851493443512716 ], [ 128.73923135220258, 35.851637316389464 ], [ 128.739881561345612, 35.851994287731756 ], [ 128.740172488911668, 35.852130284110181 ], [ 128.740323266277983, 35.852200766839701 ], [ 128.740823185725901, 35.852268723997653 ], [ 128.740824901391704, 35.852315718488072 ], [ 128.740847060500442, 35.852506606434993 ], [ 128.740955732136769, 35.852667516809539 ], [ 128.740979910021906, 35.852697860254381 ], [ 128.741020105426287, 35.852748813547898 ], [ 128.741179446596078, 35.852885616659286 ], [ 128.741248310881275, 35.852926921916094 ], [ 128.741474213931355, 35.853062412139529 ], [ 128.741535994449606, 35.853111387784942 ], [ 128.741632256161097, 35.853187693628634 ], [ 128.741809330868961, 35.85332874281508 ], [ 128.742009996857234, 35.853429504628416 ], [ 128.742982884414374, 35.854036571439067 ], [ 128.743177307259515, 35.854148645382381 ], [ 128.743362829013961, 35.854280564066336 ], [ 128.743465210120718, 35.854327791410761 ], [ 128.743558222783406, 35.854373189930897 ], [ 128.743911644051707, 35.854542931472864 ], [ 128.744214906340318, 35.854680739282607 ], [ 128.744477946512347, 35.854814067560064 ], [ 128.744577180129596, 35.854906964752381 ], [ 128.744668680159521, 35.855057415722989 ], [ 128.744748621623131, 35.855185229480426 ], [ 128.744772551444612, 35.855237283093089 ], [ 128.744812536914964, 35.855324258619468 ], [ 128.745178716845686, 35.855696849641816 ], [ 128.745234460135379, 35.85572894218992 ], [ 128.745268400982809, 35.855748483957086 ], [ 128.745489210739265, 35.855864393406065 ], [ 128.745553342672849, 35.855878297541246 ], [ 128.745670631674301, 35.855903724018113 ], [ 128.745837410255774, 35.855953393698385 ], [ 128.746120772988746, 35.856019401666607 ], [ 128.746286977499267, 35.85602684633367 ], [ 128.746616899569688, 35.856133560059121 ], [ 128.746755307417601, 35.856198852774504 ], [ 128.746866491475942, 35.856237228163806 ], [ 128.746968654272365, 35.856274324929991 ], [ 128.747480990388993, 35.856465121588592 ], [ 128.747672324540872, 35.856514436340319 ], [ 128.74789733956132, 35.856569453927335 ], [ 128.748182522209135, 35.856671195289422 ], [ 128.748578853395912, 35.856808756934825 ], [ 128.74895380504131, 35.856947427550139 ], [ 128.749019568707155, 35.856971750076269 ], [ 128.749480704021181, 35.857142291527417 ], [ 128.749742535291404, 35.857235344875804 ], [ 128.749817499042706, 35.857262413832458 ], [ 128.750276042202103, 35.857365844488122 ], [ 128.750452249283171, 35.857403830083236 ], [ 128.75057925885443, 35.857438028986621 ], [ 128.750751698761576, 35.857508730858541 ], [ 128.750877185238977, 35.857646855901315 ], [ 128.751008971215839, 35.857851074389274 ], [ 128.751090429405565, 35.857968721930639 ], [ 128.751100305419982, 35.857992796787457 ], [ 128.751255669065443, 35.858231296909622 ], [ 128.75139554151508, 35.858456786570869 ], [ 128.751436138417432, 35.85850998232015 ], [ 128.751572679983752, 35.85888308438436 ], [ 128.751810575866926, 35.859098985734562 ], [ 128.75181627779412, 35.859138040859079 ], [ 128.751866346687194, 35.859196455076258 ], [ 128.751904747416432, 35.859243759388491 ], [ 128.751921145914594, 35.859262978980176 ], [ 128.752080852566706, 35.859450141842672 ], [ 128.752243412642144, 35.859637289160688 ], [ 128.752309093995876, 35.859725167087539 ], [ 128.752369571288568, 35.859806211406664 ], [ 128.752403800913925, 35.859871622435527 ], [ 128.752447208024847, 35.859960870247356 ], [ 128.752474962687273, 35.860017933716357 ], [ 128.752512947134846, 35.860096028198015 ], [ 128.752579355808848, 35.860236983287628 ], [ 128.752632081252784, 35.860338156896539 ], [ 128.752639608330952, 35.860348885256187 ], [ 128.752658931243872, 35.860376281030398 ], [ 128.752853775131314, 35.860632881389314 ], [ 128.752897553891728, 35.860690515095804 ], [ 128.752985978009065, 35.860810025114972 ], [ 128.753066525709556, 35.860917289467892 ], [ 128.75312188892832, 35.860981226673779 ], [ 128.753156600840668, 35.861018808887614 ], [ 128.753173981596177, 35.861037626778256 ], [ 128.753184852230163, 35.861050173351494 ], [ 128.753259520840544, 35.861136346348353 ], [ 128.753293611148649, 35.861176398933409 ], [ 128.753332685549395, 35.861222304641316 ], [ 128.753449775985644, 35.861356039133121 ], [ 128.753566195913749, 35.861489789516476 ], [ 128.753629512245681, 35.861564434999337 ], [ 128.753668828292177, 35.86161078613835 ], [ 128.75370253291959, 35.861647807116803 ], [ 128.753735119560872, 35.861683599224669 ], [ 128.753766308391619, 35.861734425782878 ], [ 128.753897304462072, 35.861947909666853 ], [ 128.753919939806906, 35.86198431045851 ], [ 128.753951097494962, 35.862034414149534 ], [ 128.754000324532285, 35.862111301687726 ], [ 128.754011965154803, 35.862129470754368 ], [ 128.754019648867683, 35.862136269346273 ], [ 128.754173328966345, 35.862272242819238 ], [ 128.754200506654229, 35.86229628100098 ], [ 128.754249096808422, 35.862339260692465 ], [ 128.75434050047636, 35.862421571369232 ], [ 128.754421557294052, 35.862489375947618 ], [ 128.754523546599216, 35.862565046937632 ], [ 128.754563482071376, 35.862597931205279 ], [ 128.754682815895961, 35.862696100223353 ], [ 128.75487117697341, 35.86284686463101 ], [ 128.75502606289578, 35.862970838311441 ], [ 128.755064155297305, 35.863002986165952 ], [ 128.754994733281876, 35.863080732387481 ], [ 128.754913637683018, 35.863171548531682 ], [ 128.754836420539561, 35.863262506219648 ], [ 128.754904224694258, 35.863340639969977 ], [ 128.755044343194868, 35.863514317774893 ], [ 128.755073174936342, 35.86354803550109 ], [ 128.755098399813022, 35.863577353493355 ], [ 128.755143554578723, 35.863605868221512 ], [ 128.75517401647059, 35.863625102674234 ], [ 128.755348073237968, 35.863780493725763 ], [ 128.755601193985939, 35.863945818986593 ], [ 128.755925793200561, 35.864157830360604 ], [ 128.756345175521091, 35.86436736742111 ], [ 128.756371548655096, 35.864380412837285 ], [ 128.756489324874565, 35.864438535166911 ], [ 128.756786884147289, 35.864582309476901 ], [ 128.756879058676759, 35.864626694650823 ], [ 128.757119402255995, 35.864742403006055 ], [ 128.75726136259857, 35.864811211281911 ], [ 128.757300819359102, 35.864830334359333 ], [ 128.757372641183338, 35.864865144986929 ], [ 128.757554519432659, 35.864952645593071 ], [ 128.75773134343612, 35.865037642053757 ], [ 128.757955621330808, 35.865138104085474 ], [ 128.758345598701311, 35.865312792484197 ], [ 128.758813296943686, 35.865531776704046 ], [ 128.759260028817266, 35.865740944660445 ], [ 128.759423324875769, 35.865849235699194 ], [ 128.759795296492882, 35.866074944441543 ], [ 128.759797971126687, 35.866153790816199 ], [ 128.759799539313178, 35.866201361554367 ], [ 128.759803203444477, 35.86630409391789 ], [ 128.759805908017967, 35.866390008092857 ], [ 128.759807846315425, 35.866451583162927 ], [ 128.75980854859759, 35.866471599125163 ], [ 128.75980969185548, 35.866504219479012 ], [ 128.759809965288497, 35.866516315353046 ], [ 128.759810717683763, 35.866539497017577 ], [ 128.759811018260876, 35.8665486896301 ], [ 128.759813132870477, 35.866612725871754 ], [ 128.759815270267353, 35.866676522062598 ], [ 128.759815712900689, 35.866689231015783 ], [ 128.759816065571414, 35.866699335445837 ], [ 128.759818564532566, 35.866783802987648 ], [ 128.759818574935366, 35.866784110305638 ], [ 128.759818389855127, 35.866803484657318 ], [ 128.759818072908018, 35.866836498972958 ], [ 128.759817827021834, 35.866859308850778 ], [ 128.75981760137077, 35.866874512176295 ], [ 128.759817435749369, 35.86688566873655 ], [ 128.759816366074858, 35.866978604055518 ], [ 128.759806593773277, 35.867240639772731 ], [ 128.759806149767826, 35.867251913747893 ], [ 128.759806209660724, 35.867254157968006 ], [ 128.759804082863297, 35.867309561310137 ], [ 128.759802034499813, 35.867362920928031 ], [ 128.759801958957553, 35.867406567339231 ], [ 128.759802229786516, 35.867481470304305 ], [ 128.759803394788804, 35.86758492935823 ], [ 128.759804392144986, 35.867673484015512 ], [ 128.759804777875473, 35.867721920005216 ], [ 128.759805019517813, 35.867748379631784 ], [ 128.759804916505914, 35.867759924099595 ], [ 128.759805518259896, 35.867911985056672 ], [ 128.759808978716336, 35.868037525019069 ], [ 128.75981013831634, 35.868089891290495 ], [ 128.75984330714175, 35.868291305201979 ], [ 128.759849279285646, 35.86832670034179 ], [ 128.759861268091242, 35.868400021692146 ], [ 128.759862495860119, 35.868408450885035 ], [ 128.759870897010643, 35.868459866700441 ], [ 128.759842769630069, 35.868501949689382 ], [ 128.759810946387859, 35.868549158403503 ], [ 128.759637004665848, 35.868834709710015 ], [ 128.75957465446831, 35.868940660870251 ], [ 128.759478555215566, 35.868991631729585 ], [ 128.759130793569057, 35.869176100564381 ], [ 128.758676159496162, 35.86940972266742 ], [ 128.758290339117224, 35.869610506027072 ], [ 128.758194058456382, 35.869684573556661 ], [ 128.758144390968255, 35.869722749544259 ], [ 128.758055258713057, 35.869791071819741 ], [ 128.757801841719271, 35.869985251827416 ], [ 128.757761177720596, 35.870016411763864 ], [ 128.757751786794415, 35.87002360661122 ], [ 128.757729765766896, 35.870029278920711 ], [ 128.757750738921487, 35.870040983149352 ], [ 128.757887235406344, 35.870117147111706 ], [ 128.757887302486637, 35.870117186070161 ], [ 128.758057281710251, 35.870212030805234 ], [ 128.758187979420313, 35.870177174855797 ], [ 128.758243565801507, 35.870234370820917 ], [ 128.758288008269943, 35.870272583361661 ], [ 128.758365945864995, 35.870324382876049 ], [ 128.758507335075109, 35.870381725586157 ], [ 128.758515363891178, 35.870384986197209 ], [ 128.758671013755702, 35.870461275824468 ], [ 128.758737626686383, 35.870501417777639 ], [ 128.758844091318252, 35.870606583400473 ], [ 128.758908461670131, 35.870732923847271 ], [ 128.758938240607023, 35.87079641227821 ], [ 128.758974855028271, 35.870840936277347 ], [ 128.759057227858506, 35.870920546582823 ], [ 128.75918189420787, 35.871019538443861 ], [ 128.759259852300687, 35.87108738825119 ], [ 128.759298745416999, 35.871125398936414 ], [ 128.759305773189965, 35.871134059424143 ], [ 128.759332170454996, 35.87116658267734 ], [ 128.75938584641429, 35.871233707901844 ], [ 128.759425314741549, 35.871294756001575 ], [ 128.759471738733936, 35.871360812260626 ], [ 128.759481176347947, 35.871411641574198 ], [ 128.759487795164574, 35.871445057352801 ], [ 128.759479394717687, 35.87147221161851 ], [ 128.759494009205156, 35.871600975689958 ], [ 128.759527477562671, 35.871675106775463 ], [ 128.759551723404485, 35.871770778706455 ], [ 128.759585799357666, 35.871966272973332 ], [ 128.75958587291197, 35.872110165967513 ], [ 128.759580081747202, 35.872255272633573 ], [ 128.759583386457621, 35.872326748510631 ], [ 128.759588159352802, 35.872417639083181 ], [ 128.759592381220926, 35.872467702667542 ], [ 128.759582263551636, 35.872510653781056 ], [ 128.759555975726983, 35.872605084979114 ], [ 128.759549175383569, 35.872641800477645 ], [ 128.759526093559344, 35.872771668424242 ], [ 128.759523163375292, 35.872795645981455 ], [ 128.759520702539703, 35.872840456921402 ], [ 128.759521630892095, 35.872913938406342 ], [ 128.759548472133275, 35.87300112390605 ], [ 128.759568279248072, 35.873020550039051 ], [ 128.759623084231748, 35.873073815558016 ], [ 128.759676949758472, 35.873100340270334 ], [ 128.759727393923669, 35.873222659306599 ], [ 128.759731806431319, 35.873250193081859 ], [ 128.759793991565545, 35.8733709302468 ], [ 128.759798937825622, 35.873375645735749 ], [ 128.75985649394903, 35.873428024015361 ], [ 128.759917509243166, 35.873496408065428 ], [ 128.75995934816649, 35.873542256288381 ], [ 128.760037707765747, 35.873628123196895 ], [ 128.760125070870714, 35.873713852319369 ], [ 128.76018248135685, 35.873744277551545 ], [ 128.760248930145167, 35.873792014944385 ], [ 128.760389141938873, 35.873827696361943 ], [ 128.760454990074834, 35.873847854483635 ], [ 128.760577949302018, 35.87385393330446 ], [ 128.760701438888191, 35.873868455706749 ], [ 128.760830973840967, 35.873890218835299 ], [ 128.760869973032698, 35.873915914567071 ], [ 128.760895242723109, 35.873981052735616 ], [ 128.760927445801372, 35.874025589945497 ], [ 128.760966609316768, 35.874051303753319 ], [ 128.761005322838088, 35.874076719353369 ], [ 128.761041981165022, 35.874103993865489 ], [ 128.761077789322229, 35.874130741774813 ], [ 128.761134364110632, 35.874189885898751 ], [ 128.761166991385466, 35.874224063448622 ], [ 128.761211268346528, 35.874300238814072 ], [ 128.761221731153, 35.874318235565887 ], [ 128.761253639468919, 35.874404181904644 ], [ 128.761185959275451, 35.874421246593428 ], [ 128.76119108580599, 35.874436207082468 ], [ 128.761164474702127, 35.874485141045632 ], [ 128.761158687099851, 35.87460597449153 ], [ 128.76115502955841, 35.874681731796159 ], [ 128.76111003206023, 35.874729158489423 ], [ 128.761104378612032, 35.874735115750894 ], [ 128.761046644268049, 35.874771405044875 ], [ 128.760992731041966, 35.874805292148906 ], [ 128.760915830779595, 35.874834433206452 ], [ 128.760874762139025, 35.874852646397699 ], [ 128.760757104911761, 35.874911569482357 ], [ 128.760734555580683, 35.874926439589757 ], [ 128.760734302874994, 35.874926604970973 ], [ 128.76071883582415, 35.874936871828325 ], [ 128.76066257023723, 35.874974016414676 ], [ 128.760656690490691, 35.874980585474532 ], [ 128.760642660362663, 35.874996390753154 ], [ 128.760618011564134, 35.875021692555336 ], [ 128.760604276448191, 35.875039339292854 ], [ 128.760596089346024, 35.875049893951903 ], [ 128.760575579493832, 35.875081524420573 ], [ 128.76055092414569, 35.875119559689196 ], [ 128.760501167057953, 35.875138583371424 ], [ 128.760473498685656, 35.875145085376523 ], [ 128.760407895173216, 35.875160505059256 ], [ 128.760258908312636, 35.875213658378534 ], [ 128.760191165504239, 35.875248436712333 ], [ 128.760134856707538, 35.875299387756719 ], [ 128.760072589940762, 35.875369743011689 ], [ 128.760071752076698, 35.875370694817072 ], [ 128.759995973088991, 35.875496292372723 ], [ 128.759995194265542, 35.875497614994465 ], [ 128.759994548407661, 35.875498660348811 ], [ 128.759984642454214, 35.875515538398787 ], [ 128.759931756829218, 35.875558976030348 ], [ 128.759886763251387, 35.875595884813642 ], [ 128.759876896711148, 35.875603921898261 ], [ 128.759867038201321, 35.875611906608256 ], [ 128.759837263240286, 35.87562788415844 ], [ 128.759801011037752, 35.87564726355091 ], [ 128.759757583216327, 35.875670432556412 ], [ 128.759724755290193, 35.875687945875633 ], [ 128.759623743619272, 35.875731110987452 ], [ 128.759568338928659, 35.875737479937612 ], [ 128.759538522492335, 35.87574090880365 ], [ 128.759534606078262, 35.875741358723957 ], [ 128.75947618936712, 35.875762344401338 ], [ 128.759442628067006, 35.875774401975981 ], [ 128.759433568337641, 35.875777639758077 ], [ 128.759401221015736, 35.875789203167159 ], [ 128.759376812083758, 35.875797928211874 ], [ 128.759374943607867, 35.875799693193223 ], [ 128.759370560440999, 35.875803826753774 ], [ 128.759326841309019, 35.875844295688353 ], [ 128.759308436137133, 35.875855256708448 ], [ 128.75930446364012, 35.875857622540146 ], [ 128.759275243436832, 35.875874994327766 ], [ 128.759162278699534, 35.875942153569191 ], [ 128.759127704737352, 35.875953366107346 ], [ 128.759097702133658, 35.875963096357218 ], [ 128.759062302392948, 35.875975179636434 ], [ 128.759060535044625, 35.875975783038569 ], [ 128.75902974319726, 35.875952231119534 ], [ 128.759018085117333, 35.875957034142104 ], [ 128.759013357178333, 35.875958982354206 ], [ 128.759009802099683, 35.875961406908893 ], [ 128.758947132416637, 35.876004155114451 ], [ 128.758933432441012, 35.87601719620654 ], [ 128.758954822911647, 35.87604115952989 ], [ 128.758934800210682, 35.876060090871803 ], [ 128.758933348192215, 35.876061084261323 ], [ 128.758862151296682, 35.876109792664202 ], [ 128.758801855452475, 35.876144921305119 ], [ 128.758744968351692, 35.876177958884384 ], [ 128.758737852186954, 35.876182092001471 ], [ 128.758717997372685, 35.876207159261945 ], [ 128.758717719361556, 35.876207161102052 ], [ 128.758561988319258, 35.87620860118458 ], [ 128.758420002309549, 35.876187586363827 ], [ 128.75836136613745, 35.876180239137788 ], [ 128.758359640199643, 35.876180022845993 ], [ 128.75835903785179, 35.876179902205841 ], [ 128.758235190325536, 35.87615513405926 ], [ 128.758230161368431, 35.87613594958777 ], [ 128.758224978671677, 35.87613183874543 ], [ 128.758161244515435, 35.87611879931098 ], [ 128.758081105266285, 35.876092747494184 ], [ 128.758079472402301, 35.876095404319685 ], [ 128.758019955808805, 35.8760726533718 ], [ 128.758008842715384, 35.876080332826312 ], [ 128.757996085218451, 35.876074667713318 ], [ 128.757908014637877, 35.876056944376444 ], [ 128.757899813930294, 35.876052095208848 ], [ 128.757857604820032, 35.87603980564846 ], [ 128.757851825537472, 35.87604644293954 ], [ 128.757790726796998, 35.876035156257437 ], [ 128.757736935215405, 35.876027551564839 ], [ 128.757725984376947, 35.875998829437165 ], [ 128.757647226528888, 35.875972555506969 ], [ 128.757623581961298, 35.875971908753009 ], [ 128.757620429632937, 35.875965694090134 ], [ 128.757619333266263, 35.875963532814474 ], [ 128.757602050820083, 35.875961164204604 ], [ 128.757584335871627, 35.875962268362251 ], [ 128.757514724420446, 35.875966611493489 ], [ 128.757512156086591, 35.875969445781742 ], [ 128.757477054240866, 35.876008182084199 ], [ 128.757428625298616, 35.876061625133637 ], [ 128.757426345694142, 35.876092452084954 ], [ 128.757426106385736, 35.876095690217653 ], [ 128.757421255868678, 35.876100539017777 ], [ 128.757421526456767, 35.876107707069735 ], [ 128.757421879797647, 35.876117027143508 ], [ 128.757421959480382, 35.876119125104836 ], [ 128.757422264507483, 35.876127210568448 ], [ 128.757422936697708, 35.876145000019079 ], [ 128.757460901002617, 35.876254847024057 ], [ 128.757470612239388, 35.876282938450672 ], [ 128.757475425029185, 35.876296867411227 ], [ 128.757485057554987, 35.876326005452043 ], [ 128.7574646547707, 35.876372778420254 ], [ 128.757444878359905, 35.876418113174701 ], [ 128.757440909836816, 35.876426342548768 ], [ 128.757439350936153, 35.876465219040043 ], [ 128.757438487659954, 35.876504654418383 ], [ 128.757437475694076, 35.87650608764995 ], [ 128.757398500636896, 35.876558747394064 ], [ 128.757397862865105, 35.876561007931869 ], [ 128.757380144149778, 35.876604916527015 ], [ 128.75737916312309, 35.876607186067424 ], [ 128.757327392100819, 35.876723107687766 ], [ 128.757284580364939, 35.87686791293892 ], [ 128.75727966515916, 35.876896148471637 ], [ 128.757266113692111, 35.876956324166997 ], [ 128.757235602272374, 35.877047450707174 ], [ 128.757213578734763, 35.877113540040746 ], [ 128.757210613692081, 35.877122437681045 ], [ 128.757189301347552, 35.877253974304324 ], [ 128.757202925729729, 35.877354301596256 ], [ 128.757203346814123, 35.877357394894872 ], [ 128.757207825418533, 35.87738802756855 ], [ 128.75720219665962, 35.877446677851758 ], [ 128.75718515886075, 35.877442426003086 ], [ 128.757148673165688, 35.877466890855587 ], [ 128.75713644729646, 35.877477493865804 ], [ 128.757133441816535, 35.877482319736316 ], [ 128.757096683777036, 35.877541427460606 ], [ 128.757036180511619, 35.877590747702982 ], [ 128.756996852513538, 35.877617123329621 ], [ 128.756978223811473, 35.877629617608832 ], [ 128.75695991130101, 35.877678319553652 ], [ 128.756958969102016, 35.877688586734372 ], [ 128.756953782283119, 35.877745143051108 ], [ 128.756939670408258, 35.877811238700666 ], [ 128.756933548396063, 35.877819859325683 ], [ 128.756923900129095, 35.877833439284835 ], [ 128.756952021685265, 35.877853298106857 ], [ 128.75695623256442, 35.877856333713623 ], [ 128.756981351132623, 35.877865542459418 ], [ 128.756986888599386, 35.877865742348 ], [ 128.757006103027834, 35.877866688019331 ], [ 128.75700904753981, 35.877866835708353 ], [ 128.757030924407673, 35.877861189367209 ], [ 128.75703452375086, 35.877860260069106 ], [ 128.757069622219376, 35.877866326141692 ], [ 128.75709912675876, 35.877871422992932 ], [ 128.757156577016787, 35.877871858447115 ], [ 128.75717564307746, 35.877871967208144 ], [ 128.757375905796948, 35.877961092697078 ], [ 128.757408767540483, 35.877966792618572 ], [ 128.75748961871443, 35.87800525888256 ], [ 128.75758905200891, 35.878061003803445 ], [ 128.757626256554715, 35.87808186228424 ], [ 128.757670937174652, 35.878094232414014 ], [ 128.757683682927592, 35.878097733973831 ], [ 128.757719907726141, 35.878081843573938 ], [ 128.757744990458917, 35.878070839011812 ], [ 128.757805761800995, 35.878027830024536 ], [ 128.757821979438432, 35.878016351214548 ], [ 128.757840626737561, 35.878030187560128 ], [ 128.757852668616437, 35.878039055252088 ], [ 128.757861345817417, 35.878045442872761 ], [ 128.758061659106886, 35.878025894545793 ], [ 128.758090332088045, 35.878023091517271 ], [ 128.758732024396153, 35.878553028471615 ], [ 128.758960636604058, 35.878999880689513 ], [ 128.758838324210274, 35.87938294673085 ], [ 128.758970678768179, 35.879675839545314 ], [ 128.759013233614695, 35.879815247693926 ], [ 128.759091603328187, 35.880071972391946 ], [ 128.759352662708977, 35.880358684148604 ], [ 128.759376014463641, 35.880384330589244 ], [ 128.759403209225212, 35.880426089815316 ], [ 128.759464120368392, 35.88051961370622 ], [ 128.759536450912719, 35.880630500539681 ], [ 128.759611681251414, 35.880745826766187 ], [ 128.759811225280572, 35.881032772272825 ], [ 128.7599315492198, 35.881205663025924 ], [ 128.760108897957622, 35.881457810463793 ], [ 128.760163422212401, 35.88153533006799 ], [ 128.760227835775083, 35.881930352388338 ], [ 128.760412158874402, 35.882186713881111 ], [ 128.760574439247335, 35.882412414153031 ], [ 128.760601600924474, 35.882450183198372 ], [ 128.760661581019718, 35.882520979276194 ], [ 128.760815219325337, 35.882986580385072 ], [ 128.760995328197851, 35.883511888382237 ], [ 128.760963866967472, 35.884003465881456 ], [ 128.760963705389912, 35.884005991898235 ], [ 128.760959233046236, 35.884075866963236 ], [ 128.760933927885333, 35.884471302353596 ], [ 128.760941504573992, 35.884830408299472 ], [ 128.760953872165203, 35.884860570285539 ], [ 128.760963392595499, 35.884887657250829 ], [ 128.760983890554968, 35.884945970188554 ], [ 128.760980256700975, 35.885001442407798 ], [ 128.761003849972468, 35.885036973309546 ], [ 128.760999779783589, 35.885047037596109 ], [ 128.760991039005262, 35.885068706898785 ], [ 128.761030661928032, 35.885156162429709 ], [ 128.761097175208789, 35.885250079119132 ], [ 128.76115140345297, 35.885261332500484 ], [ 128.761153390777679, 35.885261741667058 ], [ 128.76111765583812, 35.885285628256327 ], [ 128.761064410807705, 35.885350636855954 ], [ 128.761010362598313, 35.885409992177081 ], [ 128.760999341643213, 35.885439056434969 ], [ 128.760995694864505, 35.885448715990201 ], [ 128.760982364542087, 35.885521902556142 ], [ 128.760971242273399, 35.885583008703605 ], [ 128.760961280554568, 35.885615996168248 ], [ 128.760977506231967, 35.885802138619212 ], [ 128.760984741626913, 35.885801927417219 ], [ 128.761004833366542, 35.885801345018706 ], [ 128.761003874667807, 35.885835346850826 ], [ 128.761121533287593, 35.886054138266388 ], [ 128.761159438547907, 35.886294518809414 ], [ 128.761225758441441, 35.886337747297148 ], [ 128.761338268284334, 35.886499629477427 ], [ 128.761369338080613, 35.886524683375633 ], [ 128.761399893886249, 35.886549320742361 ], [ 128.761398002584144, 35.886614617696608 ], [ 128.761394786255693, 35.886722521042394 ], [ 128.761368881586975, 35.886832575762249 ], [ 128.761350351157859, 35.886826279283888 ], [ 128.761344772863083, 35.886824383328843 ], [ 128.761332531412165, 35.886864791016514 ], [ 128.761350464625679, 35.886963912979418 ], [ 128.761364082454975, 35.887039200205891 ], [ 128.761319280919423, 35.887054486706276 ], [ 128.761286454935259, 35.887065686039094 ], [ 128.761318080992794, 35.887122865077927 ], [ 128.761318498474253, 35.887123621594988 ], [ 128.7613410363669, 35.887164367198551 ], [ 128.761381625252227, 35.887237751969252 ], [ 128.761402001279038, 35.887274557086265 ], [ 128.761425516148051, 35.887317032387301 ], [ 128.761428486057014, 35.887322390612731 ], [ 128.761378934054022, 35.887424549175726 ], [ 128.761358327240771, 35.88746703713597 ], [ 128.761332215457884, 35.887521441800288 ], [ 128.761304185930953, 35.887584999225055 ], [ 128.761307449228468, 35.887650905565586 ], [ 128.761292700795991, 35.887722695219978 ], [ 128.761265571693286, 35.887823751848465 ], [ 128.761267063161455, 35.887843186961028 ], [ 128.761425964188362, 35.887851442177578 ], [ 128.761482476393837, 35.887854377207319 ], [ 128.761512997516462, 35.887875675586187 ], [ 128.761517191940612, 35.887878606615402 ], [ 128.761577684403989, 35.887997164063151 ], [ 128.761662151491521, 35.888043218203265 ], [ 128.761714956067863, 35.888072010441775 ], [ 128.761738128856734, 35.888124810122328 ], [ 128.761738250735647, 35.888125090123005 ], [ 128.761752894937786, 35.888158473636253 ], [ 128.761771228957883, 35.888176389385194 ], [ 128.761804889660141, 35.88820925394279 ], [ 128.761815701170548, 35.888219073538245 ], [ 128.761847645361001, 35.888247931634275 ], [ 128.76196632410938, 35.888331095972752 ], [ 128.762012817825507, 35.888363620063451 ], [ 128.762020662477539, 35.888368973925097 ], [ 128.762031793312161, 35.888376572350793 ], [ 128.762056755789132, 35.888397338491444 ], [ 128.762073046440207, 35.888410892368192 ], [ 128.762059483793223, 35.888438967383074 ], [ 128.762084886628969, 35.888446152565663 ], [ 128.762089825391854, 35.888447534114341 ], [ 128.762133385008354, 35.888465646286342 ], [ 128.762175787713346, 35.888444232567551 ], [ 128.762198373912184, 35.888432826876894 ], [ 128.76223094181924, 35.88843074820317 ], [ 128.76225409235883, 35.888429350901127 ], [ 128.762285698492093, 35.888434523508295 ], [ 128.762692667277122, 35.888498111439297 ], [ 128.762296315381434, 35.888836885570818 ], [ 128.762119304985674, 35.889127333266615 ], [ 128.762119067439272, 35.889127723426284 ], [ 128.761766064201623, 35.889706934077999 ], [ 128.761614455538904, 35.889790468072789 ], [ 128.7616141809807, 35.889790620613162 ], [ 128.761526680577333, 35.889838831117189 ], [ 128.761409011672754, 35.889903532113976 ], [ 128.760979084867699, 35.890139932902187 ], [ 128.760851575958213, 35.890289827828454 ], [ 128.76077883676831, 35.890375509569282 ], [ 128.76067822193346, 35.890494025967399 ], [ 128.760530793680516, 35.890667686959247 ], [ 128.760326628594953, 35.890793447488747 ], [ 128.760217718738062, 35.890860660860824 ], [ 128.760204644345009, 35.890888081431413 ], [ 128.760197424801419, 35.890903233680881 ], [ 128.760186709855276, 35.890925803534948 ], [ 128.760105670405068, 35.89109688129026 ], [ 128.759996529325093, 35.891327411228104 ], [ 128.75953746407825, 35.892227072355787 ], [ 128.759486836363521, 35.892353458612774 ], [ 128.759486103149186, 35.892355292826807 ], [ 128.759385007457809, 35.892607827393967 ], [ 128.759152785379456, 35.893170067789903 ], [ 128.759124210788542, 35.893233226508968 ], [ 128.758939503202612, 35.893641492487149 ], [ 128.758788994913317, 35.893974158808184 ], [ 128.758587554394467, 35.894419399665452 ], [ 128.758585879265411, 35.894498637496262 ], [ 128.75858420276694, 35.894577998851688 ], [ 128.758583111154252, 35.894629775915554 ], [ 128.758560052220787, 35.894646142567474 ], [ 128.7583085467557, 35.894824672664285 ], [ 128.758231907621195, 35.894881948288912 ], [ 128.758111150734152, 35.894972139795058 ], [ 128.758061830809254, 35.895031437031037 ], [ 128.757822808252399, 35.895318507176476 ], [ 128.757811849423859, 35.89533484430725 ], [ 128.757688037453761, 35.895713401150623 ], [ 128.75762639224078, 35.895901873064744 ], [ 128.757612592651782, 35.895944072701937 ], [ 128.757507350496041, 35.896265878448766 ], [ 128.757596531006584, 35.896737543842804 ], [ 128.757600151800091, 35.896756688471498 ], [ 128.757584527702676, 35.896784002925486 ], [ 128.757457943983013, 35.89700532000532 ], [ 128.757373605663673, 35.897152774865667 ], [ 128.757286600038555, 35.89758603090214 ], [ 128.757286528387255, 35.897620837912399 ], [ 128.757286421808516, 35.897672912510508 ], [ 128.757286136064494, 35.897811704193167 ], [ 128.757285493391265, 35.898098096353557 ], [ 128.757260682607324, 35.898348917907285 ], [ 128.757235365898453, 35.898604329983492 ], [ 128.757139856034627, 35.899148908835102 ], [ 128.757018087902594, 35.899842832289586 ], [ 128.756975536624196, 35.900080386648192 ], [ 128.756938205923944, 35.900288487082697 ], [ 128.756832985049584, 35.900847602711998 ], [ 128.756925101814801, 35.901286305578942 ], [ 128.756984460863833, 35.901819910275584 ], [ 128.756985892434386, 35.901832798141655 ], [ 128.756863912430816, 35.902358622123614 ], [ 128.756698554485581, 35.902520232142933 ], [ 128.756628447661512, 35.902588770754782 ], [ 128.756664577731868, 35.902830113731028 ], [ 128.756668709908496, 35.902891441967057 ], [ 128.756690120207168, 35.903234679646104 ], [ 128.756666234236178, 35.903293565843953 ], [ 128.756555870059088, 35.903565547284103 ], [ 128.756617163074452, 35.903942833452987 ], [ 128.756683740660463, 35.904352173519563 ], [ 128.756734914115526, 35.904666785812651 ], [ 128.757030075000785, 35.905132224816128 ], [ 128.757617829132499, 35.905608035255916 ], [ 128.757768005570938, 35.905854764382575 ], [ 128.75787878441642, 35.905981795666413 ], [ 128.757920308782843, 35.906029410918421 ], [ 128.759306833419288, 35.906621973595364 ], [ 128.759801369500451, 35.906833317520061 ], [ 128.759495753859511, 35.907396461175942 ], [ 128.759446146202492, 35.907585958711401 ], [ 128.759388757537153, 35.907805010976425 ], [ 128.759321511130594, 35.907963978011189 ], [ 128.759179014844477, 35.908300827261073 ], [ 128.758413576572934, 35.90887382207773 ], [ 128.758303916778885, 35.90952108862794 ], [ 128.758067890171134, 35.909993119923762 ], [ 128.757780242936747, 35.910227959174776 ], [ 128.757760183893367, 35.910244580939853 ], [ 128.757440094090555, 35.910452577829275 ], [ 128.75742565295846, 35.910462022144507 ], [ 128.757415871185913, 35.910468415533401 ], [ 128.75751993205148, 35.910723759550002 ], [ 128.757577618104932, 35.910865306472722 ], [ 128.75724500639808, 35.91146448937112 ], [ 128.757316226111442, 35.911582716101606 ], [ 128.757418949191901, 35.911753239305533 ], [ 128.757094543064255, 35.912378372264563 ], [ 128.756936597875125, 35.912683633737217 ], [ 128.756565107816186, 35.913025918814569 ], [ 128.756541097853216, 35.9132886226121 ], [ 128.756545732975042, 35.913466914787669 ], [ 128.7564885388947, 35.913518922751869 ], [ 128.756392459286843, 35.913606293911926 ], [ 128.756206442270496, 35.913775486770902 ], [ 128.755755788821062, 35.914185544157633 ], [ 128.755695858191075, 35.914308910152563 ], [ 128.755651862749374, 35.914399302443087 ], [ 128.755559895329412, 35.914555906007521 ], [ 128.755507697854853, 35.914644786494698 ], [ 128.755456117420948, 35.914732605705687 ], [ 128.755401933866978, 35.914824862444327 ], [ 128.755338639005203, 35.914932470274799 ], [ 128.755295825402072, 35.915005190726824 ], [ 128.75524419413432, 35.915037636041163 ], [ 128.755148332838729, 35.915097779253337 ], [ 128.754865378611527, 35.9152752733157 ], [ 128.754824265550525, 35.915301050714454 ], [ 128.754287012235039, 35.915485000198998 ], [ 128.754027570596975, 35.915718693823564 ], [ 128.753833748997891, 35.915893283646696 ], [ 128.753322970118461, 35.916076779262461 ], [ 128.752958381016384, 35.916207756020682 ], [ 128.752435813383869, 35.916578153625295 ], [ 128.752292563097228, 35.916674497113682 ], [ 128.752199528723082, 35.916737066102449 ], [ 128.751423386927087, 35.916766803378266 ], [ 128.751323634425205, 35.91677062512769 ], [ 128.751036741735533, 35.916781575685775 ], [ 128.750874716055364, 35.916787760876019 ], [ 128.749993120779521, 35.917484603286852 ], [ 128.748883099049351, 35.917476830399004 ], [ 128.748493507737606, 35.917879545185905 ], [ 128.747047177998297, 35.918414955437861 ], [ 128.745592529571496, 35.918605738238753 ], [ 128.745298526333102, 35.91893215167341 ], [ 128.744026526992741, 35.919384844700801 ], [ 128.742912426398618, 35.920222178265533 ], [ 128.742830573218896, 35.920283696165406 ], [ 128.742677497907891, 35.920398739591143 ], [ 128.742665720630754, 35.920650655231377 ], [ 128.742647164847625, 35.921051638484101 ], [ 128.742555745424738, 35.921397922213423 ], [ 128.742552213638106, 35.921410638923696 ], [ 128.742545504932252, 35.921436084898652 ], [ 128.741124243458302, 35.923911927137674 ], [ 128.741049647221047, 35.924031279638953 ], [ 128.740975409948589, 35.924150352511695 ], [ 128.740848741344763, 35.924353521983818 ], [ 128.740703819717368, 35.92458597084881 ], [ 128.740579793201732, 35.924803467037449 ], [ 128.740095883215758, 35.925661465660028 ], [ 128.739356391029446, 35.926358428706905 ], [ 128.738928098267621, 35.926752945879514 ], [ 128.738735485186794, 35.926953699637195 ], [ 128.738169820867654, 35.927557739344856 ], [ 128.737646131726365, 35.928102891440282 ], [ 128.737369594433716, 35.928550686175598 ], [ 128.736770808948734, 35.929478188587787 ], [ 128.736708800724983, 35.929574028182806 ], [ 128.736671675992852, 35.929631405062906 ], [ 128.736733528372469, 35.92964177019465 ], [ 128.737250603307359, 35.929728066853464 ], [ 128.737700679443066, 35.929568367633713 ], [ 128.737874905378078, 35.929827156812919 ], [ 128.737913967017136, 35.92988517865863 ], [ 128.738285085205575, 35.930436194718915 ], [ 128.738340527322293, 35.930518510234265 ], [ 128.738430324043946, 35.931125464297367 ], [ 128.73826760234553, 35.932581694353658 ], [ 128.738213466431034, 35.933066827911603 ], [ 128.738166858086799, 35.933421470835818 ], [ 128.738073306636721, 35.934130473345505 ], [ 128.739000011536206, 35.934765286330112 ], [ 128.739381670934193, 35.935026722763915 ], [ 128.739452703732695, 35.935060331563633 ], [ 128.739699467655498, 35.93563994042465 ], [ 128.740192660985315, 35.936799453719694 ], [ 128.740812947332728, 35.93686535521892 ], [ 128.740817734326981, 35.936865862881717 ], [ 128.740815430039305, 35.936867167337297 ], [ 128.739745477902972, 35.937472180492207 ], [ 128.739767275866512, 35.937503122393835 ], [ 128.739835111283469, 35.937600085251766 ], [ 128.739837758963176, 35.937603871405614 ], [ 128.73983981583126, 35.937606809906306 ], [ 128.739900364680125, 35.937693196777786 ], [ 128.739948855125505, 35.937762380638361 ], [ 128.740930079028089, 35.939163743450898 ], [ 128.741513106139564, 35.93996545613178 ], [ 128.74277329430646, 35.941861574122882 ], [ 128.743047932477054, 35.942274790018558 ], [ 128.743175759851255, 35.942392292145925 ], [ 128.743177717082659, 35.942394091173213 ], [ 128.743813789043685, 35.942978367871412 ], [ 128.744035567065936, 35.943774444536196 ], [ 128.744086703020571, 35.943958018985199 ], [ 128.743801149814686, 35.944680012379862 ], [ 128.743704162564597, 35.944925220178568 ], [ 128.743630207329261, 35.945105669000114 ], [ 128.743502241356197, 35.945418743422266 ], [ 128.743463588484644, 35.94551330844731 ], [ 128.743576698121643, 35.946801090335676 ], [ 128.743271950527458, 35.947147941174585 ], [ 128.742247173333055, 35.94779301793703 ], [ 128.742296544219158, 35.949064547670581 ], [ 128.742438882233273, 35.949600889719513 ], [ 128.741622370986306, 35.950522006143601 ], [ 128.741632448422081, 35.9505550855989 ], [ 128.741698952656577, 35.950776869419414 ], [ 128.741771414712531, 35.951017143339286 ], [ 128.741450609974038, 35.951207991730257 ], [ 128.741236744387123, 35.951335218967536 ], [ 128.740943708969553, 35.951617958988045 ], [ 128.740810009443749, 35.952485807111614 ], [ 128.740671091347565, 35.953305293801122 ], [ 128.739963414059872, 35.954532882886149 ], [ 128.739811262111743, 35.954796972060535 ], [ 128.739143989140842, 35.955210324480745 ], [ 128.738764317274189, 35.955445518370588 ], [ 128.738280004375412, 35.955745523575473 ], [ 128.738126547973508, 35.955840580403617 ], [ 128.737960575888707, 35.955943392239384 ], [ 128.738039645825154, 35.956106137509224 ], [ 128.738274734798239, 35.956418678461532 ], [ 128.738338002362411, 35.956502711278631 ], [ 128.738338178009769, 35.956502944702898 ], [ 128.738351071691511, 35.956520070695319 ], [ 128.738538448255923, 35.956693924489244 ], [ 128.738572237425103, 35.956813672815009 ], [ 128.73890603957625, 35.957237153351009 ], [ 128.739050164153582, 35.957284619514184 ], [ 128.739537500710242, 35.957445112791433 ], [ 128.739612328554358, 35.957587922751287 ], [ 128.739907443181039, 35.957668127794818 ], [ 128.740310022635924, 35.958147198924777 ], [ 128.741046235427461, 35.958551603623349 ], [ 128.741119517736308, 35.958592209891904 ], [ 128.741148668039529, 35.958601431746686 ], [ 128.741878811362028, 35.958832382462177 ], [ 128.74247960949603, 35.959267741769587 ], [ 128.742791940448029, 35.959642526030777 ], [ 128.742910473795064, 35.959819611838398 ], [ 128.742973143341771, 35.959913321747898 ], [ 128.742994633933932, 35.95994538757504 ], [ 128.743017460292464, 35.960275089120223 ], [ 128.742871490917167, 35.960583870944006 ], [ 128.742876815721644, 35.960858063309303 ], [ 128.74287814191689, 35.961059941774714 ], [ 128.743020010363807, 35.961227407952059 ], [ 128.743248952998925, 35.961841900649432 ], [ 128.743360586784547, 35.962130328288481 ], [ 128.743380672444829, 35.962161571061216 ], [ 128.743415613412282, 35.962223021742901 ], [ 128.74341420757591, 35.962253453154361 ], [ 128.743379145660157, 35.962344635174325 ], [ 128.743375793476645, 35.962397053521713 ], [ 128.743362882077008, 35.962440049826185 ], [ 128.743351368549327, 35.962483581579768 ], [ 128.743334338017576, 35.962559293042702 ], [ 128.743345176114843, 35.962563922805813 ], [ 128.743328349011307, 35.962617952079277 ], [ 128.743327909879753, 35.962708631976341 ], [ 128.743296941157837, 35.962812713069773 ], [ 128.743320848498342, 35.962875723254491 ], [ 128.743345412351573, 35.962937600615312 ], [ 128.743360288584313, 35.962968075167112 ], [ 128.743377034678872, 35.963020770271555 ], [ 128.743384621271701, 35.963067119731988 ], [ 128.743402883777776, 35.963109941750517 ], [ 128.743393799397154, 35.9631218982653 ], [ 128.743376087163597, 35.963151447457292 ], [ 128.743372888733404, 35.96316359721078 ], [ 128.743358652089427, 35.963209143256975 ], [ 128.743351337647113, 35.963236888885461 ], [ 128.743337640753708, 35.963288842876402 ], [ 128.743331151175141, 35.96331345437067 ], [ 128.743319612003347, 35.963371344204624 ], [ 128.743314945944206, 35.963411402609701 ], [ 128.743313039429268, 35.963422032512199 ], [ 128.743305688972299, 35.96346306894813 ], [ 128.743299768338375, 35.963524537347134 ], [ 128.743301836995585, 35.96358702463651 ], [ 128.743307200284249, 35.963594832238201 ], [ 128.743328656867305, 35.963609729525409 ], [ 128.743384282501438, 35.963634822483542 ], [ 128.743451718055638, 35.963661445540687 ], [ 128.74354389796585, 35.963647711009081 ], [ 128.743576891378893, 35.963667229849939 ], [ 128.743577162114207, 35.96367961501474 ], [ 128.743580881978772, 35.963691382943445 ], [ 128.743590231677842, 35.963707021406265 ], [ 128.743607338405724, 35.963713250404666 ], [ 128.743630221742904, 35.963729809701611 ], [ 128.743637538346832, 35.963733789867277 ], [ 128.743658971345951, 35.963745444523013 ], [ 128.743710078218243, 35.963785811062188 ], [ 128.743708952173051, 35.963797660768712 ], [ 128.743679579349617, 35.963847930903832 ], [ 128.743617513523134, 35.963908243083345 ], [ 128.74353819081557, 35.963950143558534 ], [ 128.743519923547638, 35.963959792664269 ], [ 128.743505519694651, 35.964007125040922 ], [ 128.743493758748286, 35.964045777108929 ], [ 128.743490114760675, 35.964116217416716 ], [ 128.74347633124404, 35.964151345163195 ], [ 128.743469310115387, 35.964162992711529 ], [ 128.743455497741081, 35.964180085579819 ], [ 128.743437667960563, 35.964235815623198 ], [ 128.743424189483278, 35.964254118491574 ], [ 128.743368707680276, 35.964329466603594 ], [ 128.743374369324727, 35.964381760878013 ], [ 128.743385011912181, 35.964456513922165 ], [ 128.743392530235724, 35.96448315115012 ], [ 128.743403078875303, 35.964522135027501 ], [ 128.743422043456633, 35.964581277424273 ], [ 128.743440764981102, 35.964629443463572 ], [ 128.743449798520487, 35.964725056622271 ], [ 128.743452932726228, 35.964757111514494 ], [ 128.743462126575963, 35.964766269574568 ], [ 128.743480381796815, 35.964777268418388 ], [ 128.743511394453265, 35.964776947018912 ], [ 128.743511182098388, 35.964734410372401 ], [ 128.74351131806668, 35.964732968313136 ], [ 128.743511737382249, 35.964731562083244 ], [ 128.743512425087488, 35.964730227899146 ], [ 128.74351336841417, 35.964729000151401 ], [ 128.743514541274465, 35.964727912467097 ], [ 128.743515913032383, 35.964726991308204 ], [ 128.743517448532032, 35.964726257774409 ], [ 128.743519108224802, 35.964725735715177 ], [ 128.743520849023611, 35.964725435494174 ], [ 128.743522626690265, 35.964725364782026 ], [ 128.743523086136037, 35.964725386164979 ], [ 128.743647124981919, 35.964732830144243 ], [ 128.743659022044739, 35.964733544329057 ], [ 128.74368394503847, 35.964735040416066 ], [ 128.743685707327415, 35.964735261957671 ], [ 128.743687403339749, 35.964735712274162 ], [ 128.743688989592641, 35.964736376490052 ], [ 128.743690422603208, 35.964737239730177 ], [ 128.743691667617583, 35.964738278013208 ], [ 128.743691937684474, 35.964738591592933 ], [ 128.74369269096232, 35.964739465543865 ], [ 128.743693467763507, 35.96474077192768 ], [ 128.743693833887335, 35.964741772440767 ], [ 128.743693977497628, 35.964742161316153 ], [ 128.743694204104457, 35.964743599617428 ], [ 128.743694145895631, 35.964745049886311 ], [ 128.743692618128705, 35.964755963455687 ], [ 128.743729856454223, 35.964758609326104 ], [ 128.743730607786659, 35.964758716032925 ], [ 128.74373171366895, 35.964758873156676 ], [ 128.74373349051811, 35.964759386643436 ], [ 128.743735133624739, 35.964760140422761 ], [ 128.743735933769528, 35.964760669395069 ], [ 128.743736595981602, 35.96476110703442 ], [ 128.743737835073347, 35.964762262577757 ], [ 128.743738815962161, 35.964763571353394 ], [ 128.743739510348917, 35.964764996692054 ], [ 128.743739897625119, 35.964766497336718 ], [ 128.743739964887283, 35.96476802834453 ], [ 128.743739611461478, 35.964773937936748 ], [ 128.74373947987894, 35.964776134549588 ], [ 128.743738026646895, 35.964800426100176 ], [ 128.743737805793103, 35.96480182937205 ], [ 128.743737318082054, 35.964803187628846 ], [ 128.743736574092623, 35.964804468305616 ], [ 128.743735592151069, 35.964805637855648 ], [ 128.743734398415683, 35.964806667158783 ], [ 128.743733020238579, 35.96480753249169 ], [ 128.743731492761469, 35.964808211853125 ], [ 128.743729853428476, 35.964808688627514 ], [ 128.743728143052664, 35.964808948868729 ], [ 128.743726402644711, 35.964808991250216 ], [ 128.743707127755727, 35.964808213778966 ], [ 128.743719940036414, 35.964817715661361 ], [ 128.743780317967605, 35.964901595925255 ], [ 128.743837605168238, 35.965049448536568 ], [ 128.743857341626921, 35.965096474361495 ], [ 128.743860300186441, 35.965120642645097 ], [ 128.743855380149967, 35.965164646095921 ], [ 128.743859494759789, 35.965194431568079 ], [ 128.743873926465596, 35.965236470105793 ], [ 128.743891113301061, 35.965293382422431 ], [ 128.743915137836126, 35.965330484781106 ], [ 128.743944131262367, 35.965373427139667 ], [ 128.743968070754789, 35.965406589767142 ], [ 128.743985113958189, 35.965456742960036 ], [ 128.74400727005002, 35.96555223983988 ], [ 128.744012499032181, 35.965550836932984 ], [ 128.744013752345438, 35.965550565198754 ], [ 128.744015035287617, 35.965550414864339 ], [ 128.744016332349702, 35.965550386991929 ], [ 128.744018181545272, 35.965550562550774 ], [ 128.744019971442555, 35.965550987547495 ], [ 128.744021647512682, 35.965551649926006 ], [ 128.744023162903659, 35.965552532141452 ], [ 128.74402447616572, 35.965553607577554 ], [ 128.74402554801037, 35.965554845989558 ], [ 128.74402635128925, 35.965556213400696 ], [ 128.744065720513589, 35.965641007302956 ], [ 128.744066242176984, 35.965642520075924 ], [ 128.744066434140819, 35.965644082245461 ], [ 128.744066289059333, 35.965645649712698 ], [ 128.744065810547426, 35.965647170151179 ], [ 128.744065015695384, 35.965648601913237 ], [ 128.744063927094828, 35.965649900589462 ], [ 128.744062577373342, 35.965651025272571 ], [ 128.744061009236418, 35.965651941261505 ], [ 128.744059268857598, 35.965652622834604 ], [ 128.744045057130535, 35.965656992064545 ], [ 128.744086764862345, 35.965732359623495 ], [ 128.744094044958018, 35.965763792720018 ], [ 128.744082382088067, 35.965784801266487 ], [ 128.744070992408751, 35.965833967265894 ], [ 128.744079049504307, 35.965885661474033 ], [ 128.744087401570653, 35.965918763912825 ], [ 128.744080219119354, 35.96593886413774 ], [ 128.744068182600017, 35.965958465657572 ], [ 128.744079672850688, 35.966055734626885 ], [ 128.744089224220687, 35.966111910185475 ], [ 128.744092575381075, 35.966138051449555 ], [ 128.744078055653603, 35.966171213432446 ], [ 128.744083135147577, 35.966180424918726 ], [ 128.7441731827073, 35.966202925670665 ], [ 128.744174916116549, 35.966203495495925 ], [ 128.744176506727996, 35.966204293988092 ], [ 128.744177910958825, 35.966205299962482 ], [ 128.744179086165559, 35.966206481406083 ], [ 128.744180000820705, 35.966207807993577 ], [ 128.744180628799597, 35.966209240328467 ], [ 128.744180951724815, 35.966210738032359 ], [ 128.744180958938358, 35.966212257942203 ], [ 128.744180654224778, 35.966213758548207 ], [ 128.744180042420851, 35.96621519472351 ], [ 128.744153830740203, 35.966263201789339 ], [ 128.744152963808858, 35.966264492758498 ], [ 128.744151850819264, 35.966265651049206 ], [ 128.744150520161924, 35.966266648419484 ], [ 128.744149009097697, 35.966267456535391 ], [ 128.74414735610938, 35.966268054262635 ], [ 128.744145606403436, 35.966268424904911 ], [ 128.744143805313485, 35.966268559878259 ], [ 128.744143209249671, 35.966268525489923 ], [ 128.744147183851851, 35.966274886964207 ], [ 128.744187682055383, 35.96626600253439 ], [ 128.744189290578191, 35.966265751456341 ], [ 128.744190926592097, 35.966265697528925 ], [ 128.74419281361719, 35.966265879904867 ], [ 128.744194634832695, 35.96626632080163 ], [ 128.744196336803867, 35.966267007250217 ], [ 128.744197868228866, 35.966267920850612 ], [ 128.744199186534615, 35.966269034096626 ], [ 128.744200252389788, 35.96627031403942 ], [ 128.744201033002497, 35.966271720450067 ], [ 128.744236796307405, 35.966354531337878 ], [ 128.744237271409332, 35.966356044592615 ], [ 128.744237420050439, 35.966357601801768 ], [ 128.744237234884707, 35.966359158866261 ], [ 128.744236722853543, 35.966360663425242 ], [ 128.744235897748922, 35.966362075668336 ], [ 128.744234785489141, 35.9663633511515 ], [ 128.744233418701896, 35.966364448967404 ], [ 128.744231839083255, 35.966365340736282 ], [ 128.744230094939724, 35.96636599530499 ], [ 128.744218319608933, 35.966369450379659 ], [ 128.744231394035836, 35.966402140517516 ], [ 128.744221852031671, 35.966425091523277 ], [ 128.744206349728529, 35.966460513935495 ], [ 128.744255793542521, 35.966535546967826 ], [ 128.744292886613778, 35.966584005556577 ], [ 128.744312361631302, 35.966619204085411 ], [ 128.744686091971346, 35.966731043048433 ], [ 128.744686138214604, 35.966731057923134 ], [ 128.744756596722851, 35.966752140479763 ], [ 128.745370540399136, 35.96694736956966 ], [ 128.745437480868134, 35.96709645179368 ], [ 128.745479081703536, 35.967189096012476 ], [ 128.745524693017813, 35.967215462074343 ], [ 128.745584898377757, 35.96727540746123 ], [ 128.745614943108791, 35.967302571568631 ], [ 128.74565781891809, 35.967345262532206 ], [ 128.745675147438277, 35.967362513312644 ], [ 128.745694828078001, 35.967406724796824 ], [ 128.745944192504737, 35.967609511043236 ], [ 128.745798789168106, 35.967817744987428 ], [ 128.745391474251988, 35.968481478807391 ], [ 128.745396953141068, 35.969218897143321 ], [ 128.745401700258185, 35.969276752845531 ], [ 128.745572064345424, 35.971352518103792 ], [ 128.745721641539944, 35.972039351587881 ], [ 128.745773981983689, 35.972279692062855 ], [ 128.745812168215849, 35.972331242276383 ], [ 128.746210256502252, 35.972868627073971 ], [ 128.74608801951959, 35.973074858150831 ], [ 128.746083779823863, 35.97308200445201 ], [ 128.745835156479643, 35.973501203181449 ], [ 128.745335499006984, 35.974031386806438 ], [ 128.744835643148946, 35.974127643360248 ], [ 128.744744796049815, 35.974123609477658 ], [ 128.744415727492935, 35.97410952077302 ], [ 128.7441922986186, 35.974126283270586 ], [ 128.744155207316169, 35.974172435983732 ], [ 128.743753954419986, 35.974672469513273 ], [ 128.743086211853438, 35.974869709698893 ], [ 128.741523584311011, 35.975269437177985 ], [ 128.740432811729249, 35.975752856676337 ], [ 128.740293927359232, 35.975814407611452 ], [ 128.740276402748833, 35.975836630337596 ], [ 128.740261959075582, 35.975855084360823 ], [ 128.739985239769311, 35.976208609121677 ], [ 128.739403076009182, 35.976565097979993 ], [ 128.739314628791732, 35.976561921517799 ], [ 128.739207535549781, 35.976558075532857 ], [ 128.738823209263131, 35.976805253674542 ], [ 128.73854481140782, 35.977053891116718 ], [ 128.738027419777694, 35.977515966439782 ], [ 128.737780053686265, 35.978432476648322 ], [ 128.737282652965916, 35.979164785862224 ], [ 128.737046558911516, 35.98023993703017 ], [ 128.737034089576809, 35.980296720565967 ], [ 128.736953270748558, 35.980402645449807 ], [ 128.736702838164319, 35.981148552843166 ], [ 128.736399769510484, 35.981396401998502 ], [ 128.735954979863607, 35.981760148744584 ], [ 128.735400246013143, 35.98221379813193 ], [ 128.735312970397501, 35.982248964078138 ], [ 128.733192942546623, 35.983103157511664 ], [ 128.732934557436863, 35.983279333880354 ], [ 128.732762942965024, 35.983396352063153 ], [ 128.732239798705564, 35.983753063687466 ], [ 128.731837937692859, 35.984263672305993 ], [ 128.731212053958899, 35.985058907196645 ], [ 128.73097394802565, 35.985361434573583 ], [ 128.731401181620384, 35.986014290605553 ], [ 128.731315564492377, 35.986612341185669 ], [ 128.731186849635748, 35.987511436099453 ], [ 128.731489762846451, 35.988467585724756 ], [ 128.73159183135661, 35.989381298865439 ], [ 128.731878041143432, 35.989821296554894 ], [ 128.732064065533478, 35.9901071267319 ], [ 128.732381791203238, 35.990275002322207 ], [ 128.733050921981828, 35.99062854348054 ], [ 128.733110724984869, 35.990660137711998 ], [ 128.733164040527811, 35.990688300667678 ], [ 128.734156268647354, 35.991806534569093 ], [ 128.73415662391875, 35.991807122317731 ], [ 128.734855709348409, 35.992956037292835 ], [ 128.734700678978641, 35.993075701182477 ], [ 128.734745030078898, 35.99309427594963 ], [ 128.734772882110065, 35.993105939475235 ], [ 128.736257957034923, 35.993727846445374 ], [ 128.738406721329881, 35.99380749518393 ], [ 128.739012839973157, 35.993922881906421 ], [ 128.739626280646604, 35.993909857152929 ], [ 128.740001384821824, 35.993872379101866 ], [ 128.741527168916008, 35.993275252241048 ], [ 128.74246368179837, 35.993117548530947 ], [ 128.742975536957402, 35.993031352225174 ], [ 128.743095875023783, 35.993011087407801 ], [ 128.743198001709715, 35.992937800258602 ], [ 128.744327249725302, 35.992170104761314 ], [ 128.744971473338438, 35.991735244208428 ], [ 128.746494286881017, 35.991108646064873 ], [ 128.746509374271739, 35.991102437316883 ], [ 128.747003706628959, 35.99094717671624 ], [ 128.747159982768096, 35.990896262697085 ], [ 128.74751330789519, 35.990811915289541 ], [ 128.748660306982572, 35.990538088603422 ], [ 128.749032927719696, 35.990558931833142 ], [ 128.751167403460443, 35.990678304819902 ], [ 128.751167469557714, 35.990678310397641 ], [ 128.752072087261752, 35.990728889745739 ], [ 128.752861464321683, 35.990773019193462 ], [ 128.753201098208422, 35.990719477693723 ], [ 128.756439229693456, 35.990208949866549 ], [ 128.756500356054488, 35.990181579277149 ], [ 128.756655261423134, 35.990112224743008 ], [ 128.757069496809578, 35.989905222684655 ], [ 128.757297992756889, 35.989527456812596 ], [ 128.758661009699665, 35.988601674391838 ], [ 128.75908758647688, 35.988469452934154 ], [ 128.760100857464721, 35.988155371338458 ], [ 128.760118574005418, 35.988144985341052 ], [ 128.760685368895679, 35.987844217605719 ], [ 128.760699234699985, 35.987832211377992 ], [ 128.761799615067957, 35.986879329228216 ], [ 128.762149566403195, 35.986684969078411 ], [ 128.762324120391128, 35.986588028360487 ], [ 128.762780422633426, 35.986346031960018 ], [ 128.762871054225172, 35.986297965808816 ], [ 128.763217722512906, 35.986114112891613 ], [ 128.763935403207398, 35.985846040498103 ], [ 128.764135723792549, 35.985766858042652 ], [ 128.764335992131038, 35.985687693836574 ], [ 128.764297248564844, 35.98523402773381 ], [ 128.764256317927249, 35.98475476590518 ], [ 128.764939347982647, 35.984334790075906 ], [ 128.765040390305671, 35.98427850868925 ], [ 128.76529303184023, 35.98413778960186 ], [ 128.765463930914848, 35.984092491793696 ], [ 128.765545151080914, 35.984070966546305 ], [ 128.76609294468895, 35.983917140051105 ], [ 128.766529495328939, 35.983866380808806 ], [ 128.766833682275518, 35.983831010474667 ], [ 128.767351476494412, 35.983688381012968 ], [ 128.767580372798506, 35.983618138839034 ], [ 128.767804981343602, 35.983513842152547 ], [ 128.767929462838538, 35.983456034974949 ], [ 128.767964850245477, 35.983443759875023 ], [ 128.768121624700541, 35.983389377751827 ], [ 128.768717185640924, 35.983190576438936 ], [ 128.769762076827618, 35.983000663007751 ], [ 128.769890063450873, 35.982977398866964 ], [ 128.769932337643496, 35.98301248011726 ], [ 128.770168341683728, 35.983208309073973 ], [ 128.770307993361826, 35.98317371678835 ], [ 128.77058687965885, 35.983104624949753 ], [ 128.771237949595815, 35.982997733511731 ], [ 128.771375964036764, 35.983019193592789 ], [ 128.771614973770994, 35.983056350508633 ], [ 128.771856019877248, 35.983093830190072 ], [ 128.772021163296785, 35.9831194712201 ], [ 128.772045137760898, 35.983123194544184 ], [ 128.772317012170788, 35.983224683006142 ], [ 128.772889205301396, 35.983438270134187 ], [ 128.773145551131137, 35.983706873510542 ], [ 128.773948429430789, 35.984491620842093 ], [ 128.775737053061022, 35.984961106068731 ], [ 128.777104023532416, 35.98553284901034 ], [ 128.779295703896139, 35.985566216420061 ], [ 128.779530109401605, 35.985574257031686 ], [ 128.779608108535285, 35.985535450941711 ], [ 128.779739347432894, 35.985470156157618 ], [ 128.780257355808715, 35.985241858089886 ], [ 128.780681565194527, 35.985086056582837 ], [ 128.781057509404746, 35.985011325808379 ], [ 128.781127983720495, 35.984997316242975 ], [ 128.781689181985683, 35.98506616438241 ], [ 128.781689378702083, 35.985066188469496 ], [ 128.782805974967545, 35.985203161835777 ], [ 128.782832602799431, 35.985298083645418 ], [ 128.783054590400297, 35.986089364316001 ], [ 128.783722712958678, 35.987226684795232 ], [ 128.783727498786959, 35.987234824390931 ], [ 128.783792558214401, 35.987353711906991 ], [ 128.78390647050557, 35.987561875679731 ], [ 128.783913350937951, 35.987574514450095 ], [ 128.783916296074068, 35.987579922733218 ], [ 128.784035184321766, 35.987696445324168 ], [ 128.784251819034949, 35.987767164215541 ], [ 128.784435745298453, 35.987827206385305 ], [ 128.784708408055508, 35.987916210561977 ], [ 128.784878792973558, 35.987938123707593 ], [ 128.786758506232133, 35.988179848064739 ], [ 128.786949778789563, 35.988056833987436 ], [ 128.78730124473671, 35.987903123778018 ], [ 128.787302376317143, 35.987869130445084 ], [ 128.787328585054013, 35.987080801165156 ], [ 128.787329344242266, 35.98705799118887 ], [ 128.787601560536814, 35.986749014336681 ], [ 128.788361166891406, 35.985886825471589 ], [ 128.788451433451144, 35.985782183254379 ], [ 128.788490825168822, 35.985739753573583 ], [ 128.78855612854727, 35.985612037113569 ], [ 128.788576805370354, 35.985580413977225 ], [ 128.788588150445662, 35.985563069368624 ], [ 128.788642139630014, 35.985510814874146 ], [ 128.788779984974042, 35.985386096388702 ], [ 128.788790678227343, 35.98537641992673 ], [ 128.789287607699464, 35.985050879910375 ], [ 128.789582343837736, 35.984907940218626 ], [ 128.789964297232018, 35.984722696376799 ], [ 128.790005410937511, 35.984702758775391 ], [ 128.790249226148148, 35.984584509687778 ], [ 128.790525888284634, 35.984446744826705 ], [ 128.790931738327799, 35.984244647376372 ], [ 128.790814069526135, 35.984055373504276 ], [ 128.790581351342439, 35.983681044285866 ], [ 128.790555915953092, 35.983342758150584 ], [ 128.790913550587248, 35.98320200990797 ], [ 128.790968859742321, 35.983190799248518 ], [ 128.791328211817671, 35.983117958534677 ], [ 128.791422668987082, 35.98314626608223 ], [ 128.792076962018143, 35.98334232754403 ], [ 128.792408710400821, 35.983502048826402 ], [ 128.792408951261621, 35.983502167637774 ], [ 128.792649734047984, 35.983618087365869 ], [ 128.792776204577706, 35.983678974821778 ], [ 128.792863978896065, 35.983730746464374 ], [ 128.792895368063341, 35.983749263566551 ], [ 128.792906367685845, 35.98375575036475 ], [ 128.792906536171813, 35.983755852350512 ], [ 128.793220612382214, 35.98394109751915 ], [ 128.793580172685239, 35.983845129097794 ], [ 128.793762552479279, 35.983813617512702 ], [ 128.793973404254103, 35.983683579186334 ], [ 128.794483164763733, 35.983072748712424 ], [ 128.794483196298984, 35.982997269986299 ], [ 128.794483196241259, 35.982994278726629 ], [ 128.794483311814218, 35.982886326157988 ], [ 128.79453552943383, 35.982595332749753 ], [ 128.794587739219111, 35.982304356522562 ], [ 128.794991381363246, 35.982056084161862 ], [ 128.795298986630968, 35.981884545813244 ], [ 128.795602725364319, 35.981749868532987 ], [ 128.795689360754665, 35.981709749854318 ], [ 128.795728146152385, 35.981691787259571 ], [ 128.795981760945239, 35.981644991965602 ], [ 128.796166686381383, 35.981610869105616 ], [ 128.796456118185773, 35.981811522271599 ], [ 128.796535224842046, 35.981866371663131 ], [ 128.796789192460608, 35.981844659388159 ], [ 128.796984019406096, 35.981827999856783 ], [ 128.797201038012361, 35.981800572037763 ], [ 128.797236921646629, 35.981796037898313 ], [ 128.797389622002015, 35.981738979737592 ], [ 128.797542309031428, 35.98168193414962 ], [ 128.798020867030317, 35.981539671168413 ], [ 128.798430585907028, 35.981415887090641 ], [ 128.79866193935311, 35.98131388331376 ], [ 128.798828302084075, 35.981240531828 ], [ 128.799308269968549, 35.980806790904822 ], [ 128.799405530742945, 35.980715133306056 ], [ 128.799734809044622, 35.980404484349485 ], [ 128.799752207679035, 35.980203625418767 ], [ 128.799799786432914, 35.979654318328691 ], [ 128.799799031245584, 35.979611788054186 ], [ 128.799909120831359, 35.979512557979035 ], [ 128.800530693171311, 35.979052000800216 ], [ 128.801393520385659, 35.978552133313705 ], [ 128.801641352049643, 35.978446866281971 ], [ 128.80184792027751, 35.978359125247984 ], [ 128.80201510426312, 35.978287304796403 ], [ 128.802417336858838, 35.978169407849826 ], [ 128.802798360959457, 35.978145813098863 ], [ 128.803023973374394, 35.977991291825255 ], [ 128.803374899823297, 35.977809931655564 ], [ 128.803530024361606, 35.977296207153181 ], [ 128.803888472901946, 35.97715542074009 ], [ 128.803917674657015, 35.977140525249006 ], [ 128.804171918571342, 35.977010843644088 ], [ 128.804244255613725, 35.976999240311123 ], [ 128.804634141821197, 35.976936684563064 ], [ 128.804866239761679, 35.976886371415738 ], [ 128.805263649461779, 35.976543715040251 ], [ 128.805523249525834, 35.976159990691706 ], [ 128.806028293087735, 35.975792435961949 ], [ 128.806601333350045, 35.9753165524317 ], [ 128.806921459195081, 35.975252859916417 ], [ 128.807097693366529, 35.975198191302496 ], [ 128.807292648500777, 35.975137715460683 ], [ 128.807774383301251, 35.975156519685967 ], [ 128.807897998646808, 35.975122646924419 ], [ 128.807937864073352, 35.975111722175782 ], [ 128.808375708319232, 35.974868527164077 ], [ 128.808720530532128, 35.974555345757196 ], [ 128.80855372147667, 35.974118258840875 ], [ 128.808873918540684, 35.973955425116543 ], [ 128.809018659761222, 35.973839155318593 ], [ 128.809027875430104, 35.973831752867198 ], [ 128.809192119099777, 35.973843027400697 ], [ 128.810078042069875, 35.97390383785369 ], [ 128.810577168639014, 35.973819303856025 ], [ 128.81067403834578, 35.973808192724483 ], [ 128.811516403452487, 35.973556056996131 ], [ 128.811876306686258, 35.973443405470739 ], [ 128.811851958541638, 35.973212520813966 ], [ 128.811761292531713, 35.972352732836306 ], [ 128.811790646505102, 35.972320389732346 ], [ 128.81185524728798, 35.972109828266156 ], [ 128.811618741289692, 35.971331585404798 ], [ 128.811618215773791, 35.971116415194075 ], [ 128.811788930753949, 35.970926701647343 ], [ 128.811874579056678, 35.970831526070178 ], [ 128.811875781172574, 35.970821921626296 ], [ 128.811891442550007, 35.970696813878234 ], [ 128.811909549511284, 35.97055220015941 ], [ 128.812079915118659, 35.970341992047999 ], [ 128.812338350066597, 35.970023113429086 ], [ 128.812195701031214, 35.969473427165482 ], [ 128.812013817573757, 35.969254023329491 ], [ 128.81191387514022, 35.969097573678546 ], [ 128.81172008401353, 35.968794210799203 ], [ 128.811634429133676, 35.968469919280246 ], [ 128.811357036890001, 35.967771026491121 ], [ 128.811455980781545, 35.967609798961881 ], [ 128.811639197843846, 35.967343667269041 ], [ 128.811692503452804, 35.967332392883769 ], [ 128.811935217972064, 35.967281049160349 ], [ 128.81205691056519, 35.967239560017056 ], [ 128.812088483585683, 35.967077386433239 ], [ 128.812314614616071, 35.96682905834178 ], [ 128.812312175388655, 35.966749755291083 ], [ 128.812300140520023, 35.966358421127524 ], [ 128.812313568580322, 35.966319860258828 ], [ 128.812326481648796, 35.966283552524352 ], [ 128.812613089240159, 35.965804943843274 ], [ 128.812952137018272, 35.965617123791368 ], [ 128.813237667686167, 35.96545895012504 ], [ 128.813933755046492, 35.965273035632222 ], [ 128.813939133109727, 35.965272476391412 ], [ 128.814207543114378, 35.965231492402538 ], [ 128.814506338259235, 35.965235058276605 ], [ 128.815005490326968, 35.965628149479905 ], [ 128.815469661732237, 35.965580997101071 ], [ 128.815531493151951, 35.965584472514422 ], [ 128.81591772308056, 35.965454951349002 ], [ 128.816259187273261, 35.965363100748313 ], [ 128.816746045655208, 35.965237679286474 ], [ 128.818086050819375, 35.96513204025608 ], [ 128.818230270927558, 35.965037990041047 ], [ 128.819783594870103, 35.965043838225604 ], [ 128.82002697494093, 35.965010906638902 ], [ 128.821033785920349, 35.964812599970557 ], [ 128.821113733848932, 35.964780727105811 ], [ 128.82168054848313, 35.96468931866594 ], [ 128.821772494153066, 35.964661793783399 ], [ 128.821857759452911, 35.964636265379347 ], [ 128.822030075995656, 35.964691012378609 ], [ 128.822505480528122, 35.964842047194963 ], [ 128.822704467661424, 35.964995282889177 ], [ 128.822897701898114, 35.965274924913139 ], [ 128.822944412059087, 35.965277764472049 ], [ 128.823136292390132, 35.965216115594444 ], [ 128.823136680116988, 35.965215991416066 ], [ 128.823177384082356, 35.965202911286767 ], [ 128.823285365556814, 35.965176595850338 ], [ 128.823329548492097, 35.965156883551536 ], [ 128.823562794409298, 35.965052806393786 ], [ 128.82356348175702, 35.965052528354263 ], [ 128.823603213112648, 35.965036829965463 ], [ 128.823940560989996, 35.964903536487157 ], [ 128.824192419116088, 35.964751545878066 ], [ 128.824194247665076, 35.964750443417728 ], [ 128.824761856828303, 35.964408223389242 ], [ 128.824994257244413, 35.96427592337929 ], [ 128.825535302498395, 35.964161809618147 ], [ 128.825911352383599, 35.964082654152939 ], [ 128.825932976058766, 35.964080755492162 ], [ 128.826387125918558, 35.964040865907997 ], [ 128.826680925184689, 35.964015059814365 ], [ 128.827133708211562, 35.964018251035675 ], [ 128.827277983213605, 35.964018886890365 ], [ 128.827610395013068, 35.964020348463073 ], [ 128.82777135916848, 35.963919760301799 ], [ 128.827765275502287, 35.964043576677483 ], [ 128.827764106779, 35.964067326288301 ], [ 128.827839740030157, 35.964176142581159 ], [ 128.828031005950322, 35.96423612544374 ], [ 128.828266693590422, 35.964340954791666 ], [ 128.828984233663732, 35.964629534970669 ], [ 128.829395102897365, 35.96478558895847 ], [ 128.829412756941537, 35.964793498956844 ], [ 128.830758057683084, 35.965312790770646 ], [ 128.831265529029963, 35.965505583005218 ], [ 128.831325607012786, 35.965520312622751 ], [ 128.831568204516145, 35.965621539831091 ], [ 128.831585570419037, 35.965628785805649 ], [ 128.831553948530484, 35.965649599519757 ], [ 128.831626512407951, 35.965688426973323 ], [ 128.831617117657515, 35.965704372755241 ], [ 128.831604180085776, 35.965726331455272 ], [ 128.831807314431018, 35.965903072519879 ], [ 128.83184124180238, 35.966009086495433 ], [ 128.831994215115202, 35.96609636150189 ], [ 128.832091247410261, 35.96624407706971 ], [ 128.832127513406817, 35.966294532960561 ], [ 128.832233562606831, 35.966440294760275 ], [ 128.832252926545209, 35.966458057926715 ], [ 128.832302395099731, 35.966492211867546 ], [ 128.832346842611656, 35.966522691040502 ], [ 128.832415407395814, 35.966539397558371 ], [ 128.832576565756511, 35.966592571843115 ], [ 128.832576742875744, 35.966588065866311 ], [ 128.83260789937961, 35.966600790108366 ], [ 128.832631275380379, 35.966603356751939 ], [ 128.832659489559347, 35.966612966443066 ], [ 128.832679211340576, 35.966624827799897 ], [ 128.832762307065678, 35.966648321658035 ], [ 128.832781543438244, 35.966648061100614 ], [ 128.832802654570003, 35.966656544322483 ], [ 128.832829810972811, 35.966674607585574 ], [ 128.832846420601044, 35.966684201897294 ], [ 128.833001572520942, 35.966709491505412 ], [ 128.833161353854081, 35.966758156451348 ], [ 128.833195793287075, 35.966771155988056 ], [ 128.833345518013743, 35.966825719306428 ], [ 128.833604810832981, 35.966915926107603 ], [ 128.833629377869954, 35.966932858608374 ], [ 128.833748745975868, 35.967004565925073 ], [ 128.833889424332284, 35.967075735098533 ], [ 128.834044712947417, 35.967202682054854 ], [ 128.834088836124408, 35.96722555351792 ], [ 128.834124494689519, 35.967239410098856 ], [ 128.834140222721913, 35.967251824978831 ], [ 128.834230170920733, 35.967312493436204 ], [ 128.834251951796006, 35.967335055245577 ], [ 128.834298994519031, 35.967370612847084 ], [ 128.834307119904054, 35.967381608511971 ], [ 128.834450925026431, 35.967531349617779 ], [ 128.834457502492683, 35.967530232498703 ], [ 128.834468770570936, 35.967528563765342 ], [ 128.834712561615845, 35.967476075324889 ], [ 128.834715730120138, 35.967475390981001 ], [ 128.834993657011012, 35.967436068509407 ], [ 128.835293451642769, 35.967462394324421 ], [ 128.836161309900831, 35.967793391898816 ], [ 128.836520509914152, 35.967773100642027 ], [ 128.83671621367327, 35.9677620431628 ], [ 128.83693904472068, 35.967726865768299 ], [ 128.837120965979096, 35.967627702156221 ], [ 128.837456159931776, 35.967370740208224 ], [ 128.83815657660017, 35.966581990274506 ], [ 128.838443029348923, 35.966356513959575 ], [ 128.83857921674678, 35.966251083387512 ], [ 128.838915136854467, 35.965894704733913 ], [ 128.839139414756829, 35.965571412112929 ], [ 128.839392037175998, 35.965200274397148 ], [ 128.839382984884651, 35.964884551349947 ], [ 128.839367930049349, 35.964367729521463 ], [ 128.83937765038786, 35.964190026453011 ], [ 128.839388329511678, 35.964047818247735 ], [ 128.839394929118072, 35.963449912372148 ], [ 128.839757566687183, 35.96331268540164 ], [ 128.839826498251142, 35.963230540648944 ], [ 128.839848042429139, 35.963201000584867 ], [ 128.839906640843395, 35.963175168497294 ], [ 128.839949988438804, 35.963156638641728 ], [ 128.840085524896324, 35.963098697733685 ], [ 128.840520701030897, 35.962912661256752 ], [ 128.8409413316094, 35.962618350592599 ], [ 128.84130741944719, 35.962518708179793 ], [ 128.841429373417526, 35.962485512066984 ], [ 128.841678559958723, 35.962415935770238 ], [ 128.841839943274323, 35.962370873349847 ], [ 128.84269895245319, 35.962433403729314 ], [ 128.842840821378786, 35.962518650747043 ], [ 128.843623051028999, 35.962776533592049 ], [ 128.844145958347582, 35.963052096143841 ], [ 128.844734594281164, 35.963373362559409 ], [ 128.845086227660033, 35.96333692264151 ], [ 128.845255211893544, 35.963319408839318 ], [ 128.845418558616103, 35.963296817984961 ], [ 128.845624048155145, 35.963268396999609 ], [ 128.845693037326129, 35.963258855529574 ], [ 128.845939649223226, 35.962933326495879 ], [ 128.846581831550679, 35.962716733677759 ], [ 128.846651508193617, 35.96269119229671 ], [ 128.846838315232702, 35.962650878245412 ], [ 128.846872468040488, 35.962634312560866 ], [ 128.847501070422027, 35.962358551653573 ], [ 128.847530580972631, 35.962327167311408 ], [ 128.847826687527743, 35.962012271893677 ], [ 128.847984415713285, 35.961974963388862 ], [ 128.848339459034378, 35.961890982613497 ], [ 128.848493022475964, 35.961840482745892 ], [ 128.84861150546871, 35.961743750257057 ], [ 128.848801963350468, 35.961692171797623 ], [ 128.848843471768191, 35.961683818677862 ], [ 128.849230142271296, 35.961605973859974 ], [ 128.849664510182009, 35.961173651989121 ], [ 128.849777929112207, 35.961061798652338 ], [ 128.850084853247296, 35.960759120136579 ], [ 128.850175054740646, 35.960670163524718 ], [ 128.850287291301328, 35.960579902297084 ], [ 128.850798176756456, 35.960166545148645 ], [ 128.850931879996153, 35.960205840538933 ], [ 128.850944457847504, 35.960209538060134 ], [ 128.851137729198427, 35.960132048773389 ], [ 128.851151421384458, 35.960126433174224 ], [ 128.851299767037432, 35.96001926384529 ], [ 128.851461188992999, 35.959902639745088 ], [ 128.851462754288832, 35.959902353461608 ], [ 128.85176492910432, 35.959848875100292 ], [ 128.85180408361208, 35.95984194529408 ], [ 128.851962932489954, 35.959741880721275 ], [ 128.852243464950277, 35.959470428482149 ], [ 128.85245330714784, 35.959267379308919 ], [ 128.852517865297557, 35.959108048699221 ], [ 128.852769639961878, 35.958589592254192 ], [ 128.852781246380516, 35.958494410339178 ], [ 128.852902262410225, 35.957967617310153 ], [ 128.853119853041392, 35.957758349268772 ], [ 128.853152902006059, 35.957738117407672 ], [ 128.853258050443003, 35.95767374980209 ], [ 128.853377913361044, 35.957521372290039 ], [ 128.853494865075419, 35.957372696691358 ], [ 128.853516917392739, 35.957340054457184 ], [ 128.853766618491449, 35.957088853870594 ], [ 128.853967985455284, 35.956659889712384 ], [ 128.854075603525104, 35.956255880688047 ], [ 128.854155995474002, 35.956146417605325 ], [ 128.854182706722753, 35.955838919784661 ], [ 128.854185902205586, 35.95580214939848 ], [ 128.854194572187083, 35.955702326973508 ], [ 128.854264814184319, 35.955623700433712 ], [ 128.854267218838885, 35.954825409589738 ], [ 128.854300047659535, 35.954807146123393 ], [ 128.854348349850824, 35.954780273633695 ], [ 128.854407651032631, 35.954747280423312 ], [ 128.854507254732738, 35.954646860243471 ], [ 128.85471970197213, 35.954585439345117 ], [ 128.855069299252563, 35.954447303627589 ], [ 128.855347624951975, 35.954912904565802 ], [ 128.855451111608375, 35.954960911444253 ], [ 128.856331107814952, 35.955345562044052 ], [ 128.856567984203878, 35.955377112026468 ], [ 128.857274735278168, 35.955318535733554 ], [ 128.857384057472331, 35.955297263280379 ], [ 128.857445799862262, 35.95525509664396 ], [ 128.85756244169724, 35.955205669638893 ], [ 128.857858074756393, 35.955123216608015 ], [ 128.85812109742227, 35.954866959720633 ], [ 128.858314086146947, 35.954648641337286 ], [ 128.858419143825671, 35.954496123986289 ], [ 128.858529893188489, 35.95435769149308 ], [ 128.858611236342824, 35.954293295758156 ], [ 128.858771820884556, 35.954179705044595 ], [ 128.858874840948744, 35.954007746513142 ], [ 128.858882798195367, 35.954008035945293 ], [ 128.858968188598624, 35.953912100373813 ], [ 128.859007546535366, 35.953887643511685 ], [ 128.859081988368786, 35.95390069152424 ], [ 128.859194566348265, 35.953903915935356 ], [ 128.859286371145856, 35.953896985961343 ], [ 128.859359657369396, 35.953879895943324 ], [ 128.859373441005658, 35.953826396751936 ], [ 128.859381203431013, 35.953745015885922 ], [ 128.859426771463461, 35.953639742378648 ], [ 128.859469294145185, 35.953588530208982 ], [ 128.859564056319385, 35.953475986589538 ], [ 128.859612636700888, 35.953334946160027 ], [ 128.859633793019839, 35.953126281798994 ], [ 128.85954707927155, 35.952896365100663 ], [ 128.859528477393525, 35.952841702009394 ], [ 128.859408846158459, 35.952625264450148 ], [ 128.859395542985766, 35.952607789945574 ], [ 128.859390699044582, 35.952601304727068 ], [ 128.859390528135066, 35.952601021683193 ], [ 128.859390356683946, 35.952600737040363 ], [ 128.859362742307667, 35.952447782544354 ], [ 128.859350700166061, 35.952412643806326 ], [ 128.859345331518114, 35.95239697844125 ], [ 128.859319927325174, 35.952322847339353 ], [ 128.859319570199119, 35.952321806069889 ], [ 128.859258344186884, 35.952339174147212 ], [ 128.859227580577738, 35.952287465608286 ], [ 128.85914349026325, 35.952146122686621 ], [ 128.859109580635391, 35.952089125279024 ], [ 128.859111444691223, 35.952088296403325 ], [ 128.859222591748562, 35.952038827727257 ], [ 128.859207573300637, 35.95199500321776 ], [ 128.859205448574841, 35.951988805315281 ], [ 128.859194732139912, 35.951976400946265 ], [ 128.85918600181239, 35.951958380570119 ], [ 128.859101900264079, 35.951784777244832 ], [ 128.859091349174321, 35.951773219776264 ], [ 128.859102151448582, 35.951738309946343 ], [ 128.859093602479277, 35.951678872045747 ], [ 128.85907481892221, 35.951627029534293 ], [ 128.859046207930447, 35.95154842664401 ], [ 128.858995812908006, 35.951352296029455 ], [ 128.858986702594564, 35.951316846318051 ], [ 128.858814895107855, 35.950643535396914 ], [ 128.858449541794357, 35.950409618469372 ], [ 128.858409786682586, 35.950369863295116 ], [ 128.858345784985829, 35.950359183499337 ], [ 128.858216043083473, 35.950337529751479 ], [ 128.858163206817636, 35.950349569869104 ], [ 128.85814543682153, 35.950308433471008 ], [ 128.858286181478292, 35.950148632326851 ], [ 128.858351094248547, 35.949982444311679 ], [ 128.858372823763148, 35.949926808354505 ], [ 128.858437812401093, 35.949723595252557 ], [ 128.858495269790581, 35.949543928592178 ], [ 128.858582260672961, 35.949128338062152 ], [ 128.858596871860044, 35.949096243421316 ], [ 128.858622255327788, 35.949039667681276 ], [ 128.85872899167893, 35.948910521457421 ], [ 128.858798473392397, 35.948702192519733 ], [ 128.858802172455484, 35.948666994858414 ], [ 128.858823885852189, 35.948629845170544 ], [ 128.858870339725911, 35.948603989084823 ], [ 128.858874518476796, 35.948591882098718 ], [ 128.858877234604819, 35.948591091359397 ], [ 128.858953531190309, 35.948568885654055 ], [ 128.859055114768637, 35.948518031629 ], [ 128.859086104113857, 35.948518068329932 ], [ 128.859105050952564, 35.948385439006572 ], [ 128.859157567017519, 35.948268060088999 ], [ 128.85922611746426, 35.948187589986183 ], [ 128.859311954977613, 35.948122918851702 ], [ 128.859415441120149, 35.948067840978638 ], [ 128.859527802864847, 35.94789081897337 ], [ 128.859639004956307, 35.947685359747979 ], [ 128.859842667830407, 35.94739889129599 ], [ 128.859939828487995, 35.947297617605635 ], [ 128.860086727952051, 35.947073606684754 ], [ 128.860126311091705, 35.947022400538565 ], [ 128.860229734198043, 35.946901414163641 ], [ 128.860441755009901, 35.946580040372105 ], [ 128.860446940518557, 35.946293902263058 ], [ 128.860219889540048, 35.946112262363798 ], [ 128.860118346204729, 35.94604765075087 ], [ 128.86005491706868, 35.945976035010787 ], [ 128.860053467968044, 35.945916327343838 ], [ 128.860086357765795, 35.94582652263005 ], [ 128.860141566424687, 35.945749982391575 ], [ 128.860226405968319, 35.945563643373355 ], [ 128.860237871097041, 35.945542251907256 ], [ 128.86025454908139, 35.945512702974732 ], [ 128.860343580541553, 35.945406911609311 ], [ 128.860408254402188, 35.945261942942686 ], [ 128.860418704862099, 35.945230131439118 ], [ 128.860422546034357, 35.945208445034446 ], [ 128.860499521310686, 35.945063211558441 ], [ 128.86050216902791, 35.945039556231485 ], [ 128.860505497148438, 35.945015623635662 ], [ 128.860548663474361, 35.944889220360402 ], [ 128.860576847934084, 35.94472083260505 ], [ 128.860599703837693, 35.944431903103649 ], [ 128.860537049701662, 35.944314389477483 ], [ 128.860394668698092, 35.944233671020214 ], [ 128.860288259452744, 35.944182570800123 ], [ 128.860242359462745, 35.944185328628748 ], [ 128.860194043733088, 35.944187247455581 ], [ 128.860181782186771, 35.944180404128048 ], [ 128.860155114312249, 35.944165515705478 ], [ 128.860087143848546, 35.94412122249058 ], [ 128.860069214288728, 35.944076697512614 ], [ 128.860046901789701, 35.943965711427204 ], [ 128.86004199459407, 35.94389557173767 ], [ 128.860040325274525, 35.943862339774981 ], [ 128.860039296471825, 35.943857554428902 ], [ 128.860026211770247, 35.94362180203013 ], [ 128.860028496089797, 35.94360294151997 ], [ 128.860137414639979, 35.94350618717597 ], [ 128.860220612581827, 35.94337025285985 ], [ 128.860269693622683, 35.943329187524142 ], [ 128.860285345930151, 35.943307900948035 ], [ 128.860378524496639, 35.94318117965598 ], [ 128.8604661267415, 35.942904998460079 ], [ 128.860356570010083, 35.942856411337601 ], [ 128.860336805099678, 35.942847643577302 ], [ 128.860310257837966, 35.94265025934844 ], [ 128.860047232424648, 35.942715659111911 ], [ 128.859939775115208, 35.942664984223505 ], [ 128.859811238318343, 35.942589075533895 ], [ 128.859776223795535, 35.942510175158695 ], [ 128.859852087905693, 35.942407181998497 ], [ 128.859951988699521, 35.942319428032768 ], [ 128.86007274841549, 35.942186081056924 ], [ 128.860177234674808, 35.942055804171737 ], [ 128.860178296889188, 35.942038347654652 ], [ 128.860328117867482, 35.941830390935252 ], [ 128.86034658439371, 35.94157356206469 ], [ 128.860262699246789, 35.941417152823121 ], [ 128.860002177960553, 35.941168726261147 ], [ 128.859983515465132, 35.941149832651583 ], [ 128.859982651725801, 35.941148984188644 ], [ 128.859924048036646, 35.941092307742849 ], [ 128.859883428175266, 35.941051147364711 ], [ 128.859845253319065, 35.940998432387843 ], [ 128.859826601821737, 35.940966588240727 ], [ 128.859798912122443, 35.94086403902373 ], [ 128.85979623139508, 35.940814468466215 ], [ 128.85979538573099, 35.940799533489823 ], [ 128.859792320731117, 35.940770239848383 ], [ 128.85978810993123, 35.940707716404397 ], [ 128.859807803519374, 35.940539883793832 ], [ 128.859835704997096, 35.940430923238999 ], [ 128.859842315595813, 35.94040924602735 ], [ 128.859890003828411, 35.940278055071694 ], [ 128.859954214919128, 35.94009900970574 ], [ 128.860013021929575, 35.939943614811739 ], [ 128.860013918451358, 35.939928132701766 ], [ 128.860052850645644, 35.939749338570188 ], [ 128.860085031808637, 35.939569407476547 ], [ 128.860088452514901, 35.939498866845462 ], [ 128.860158465861446, 35.939412900146543 ], [ 128.860154430611146, 35.939295810886314 ], [ 128.86010444832911, 35.939159286190552 ], [ 128.860113463618376, 35.938968713666966 ], [ 128.860148643445655, 35.93875470971826 ], [ 128.860175796798785, 35.938679263581463 ], [ 128.860383880475638, 35.938416175470344 ], [ 128.86046481125797, 35.9383802221978 ], [ 128.86055252221081, 35.938326817841997 ], [ 128.860584607969798, 35.938300379336091 ], [ 128.860598995787456, 35.938292789476613 ], [ 128.860615461604965, 35.938280703597826 ], [ 128.860699903849252, 35.938220808256688 ], [ 128.860763007343451, 35.938176386940725 ], [ 128.860822102113474, 35.93814942127387 ], [ 128.860898012659277, 35.938113459723233 ], [ 128.861014648982092, 35.938058953541208 ], [ 128.86110513134463, 35.938004426514787 ], [ 128.861132536785362, 35.937987933814348 ], [ 128.861362023143926, 35.937849822524534 ], [ 128.861432993117148, 35.937767956990044 ], [ 128.861588741458348, 35.93762506563862 ], [ 128.861599363015074, 35.937589866845805 ], [ 128.861734597169317, 35.93739485383356 ], [ 128.861747833928547, 35.937337760695975 ], [ 128.861750131510178, 35.937327846713437 ], [ 128.861761752560028, 35.937277702370899 ], [ 128.861812060985983, 35.937060638249719 ], [ 128.861753158587106, 35.936886801271058 ], [ 128.861598811859096, 35.936821002975371 ], [ 128.86131741692833, 35.936970505902167 ], [ 128.861317126975223, 35.936970659830713 ], [ 128.861303131437666, 35.936978093869406 ], [ 128.861230857195608, 35.937014900626686 ], [ 128.861135635340474, 35.937010569601675 ], [ 128.861069571130912, 35.936963458689931 ], [ 128.86101558839178, 35.936938608205033 ], [ 128.86090475614057, 35.936945798790966 ], [ 128.860789652620554, 35.937017202777376 ], [ 128.860755378809046, 35.937010124940855 ], [ 128.860746530334012, 35.936824792570249 ], [ 128.860726951918025, 35.936735215522631 ], [ 128.860653161582661, 35.936456581394054 ], [ 128.860597263427906, 35.936339357016166 ], [ 128.860593281351385, 35.936240782620743 ], [ 128.860605732493696, 35.936150105000841 ], [ 128.860623295304464, 35.936014102095754 ], [ 128.860616919661851, 35.935997198670307 ], [ 128.860586597557614, 35.935810991791975 ], [ 128.86043888087022, 35.935527217472142 ], [ 128.860328890285587, 35.935454422840479 ], [ 128.860062094280721, 35.935336667328222 ], [ 128.860041675453203, 35.935327631934108 ], [ 128.86003285018711, 35.935323672371879 ], [ 128.860010704864663, 35.935313507092211 ], [ 128.859999810029478, 35.935308710022241 ], [ 128.859909148459963, 35.935267488236164 ], [ 128.859897413144466, 35.935246630104778 ], [ 128.859784188710364, 35.935042590705578 ], [ 128.859756915434872, 35.934992430542891 ], [ 128.859710052548422, 35.934861129709702 ], [ 128.859674656981014, 35.934707597174103 ], [ 128.859616459404037, 35.934432653162666 ], [ 128.859612503380333, 35.93441292934402 ], [ 128.85959974216911, 35.934286461979823 ], [ 128.85960128701285, 35.934196338897628 ], [ 128.859610502965097, 35.934080594135089 ], [ 128.859613145707925, 35.934053282260251 ], [ 128.859596082349555, 35.933916389707377 ], [ 128.859604599586191, 35.933800366170189 ], [ 128.859730007813482, 35.933769808259683 ], [ 128.859741058798534, 35.933770500299232 ], [ 128.859867828374377, 35.933778425982979 ], [ 128.860009434364201, 35.933693532383273 ], [ 128.8600178534723, 35.933630408693688 ], [ 128.860034707577569, 35.933504023197969 ], [ 128.860068978202804, 35.93341563343958 ], [ 128.860093003748574, 35.933402806562142 ], [ 128.860299703648906, 35.933478673217103 ], [ 128.860356863268407, 35.933434321284693 ], [ 128.860437504200888, 35.933443197849343 ], [ 128.860439541929964, 35.933471547536072 ], [ 128.860468768401432, 35.933492348003348 ], [ 128.860599912419445, 35.933472079088546 ], [ 128.86060659284766, 35.933448309490409 ], [ 128.860599485742057, 35.933430884250278 ], [ 128.86075441689664, 35.933404200727679 ], [ 128.860762776254177, 35.933429492889452 ], [ 128.860838802675516, 35.933427192109001 ], [ 128.860837435324015, 35.933364625577298 ], [ 128.860804563755266, 35.933363727113296 ], [ 128.860792800170003, 35.933351433867152 ], [ 128.860707635992213, 35.933262456067993 ], [ 128.860708592787006, 35.933223333478168 ], [ 128.860709326641114, 35.933193329629233 ], [ 128.86071402980744, 35.933179411763405 ], [ 128.8606428345513, 35.933120887271365 ], [ 128.860657986791551, 35.933085385202304 ], [ 128.86067237534948, 35.933081644388736 ], [ 128.860667296770856, 35.933063569144899 ], [ 128.860694246364005, 35.933000426011546 ], [ 128.860824856678533, 35.932940956051837 ], [ 128.860885728492093, 35.932948172266947 ], [ 128.860920861557872, 35.932931371579471 ], [ 128.861059799590919, 35.932793817397815 ], [ 128.861097291049589, 35.932742596750728 ], [ 128.861110051564168, 35.932575882743819 ], [ 128.861109508807772, 35.932571768480159 ], [ 128.861079297022144, 35.932343219814292 ], [ 128.861126429311128, 35.932123598605173 ], [ 128.861217580817026, 35.931886475412853 ], [ 128.861233058721382, 35.931846591321012 ], [ 128.861193027749778, 35.931672208992403 ], [ 128.861097061279935, 35.931498890975483 ], [ 128.861095903856068, 35.931415212844769 ], [ 128.861338026073213, 35.931331892331613 ], [ 128.861215749118003, 35.930857041366025 ], [ 128.861244437475847, 35.93079891745429 ], [ 128.86134408498981, 35.930745796385914 ], [ 128.861479212224822, 35.930706246438653 ], [ 128.861641212916453, 35.93064610176841 ], [ 128.861680355906003, 35.930631568688419 ], [ 128.861833120649067, 35.930505287193704 ], [ 128.861972643774493, 35.930423498161439 ], [ 128.862091620711993, 35.930309567465095 ], [ 128.86213841442563, 35.930185700631831 ], [ 128.862146719306196, 35.929995114623011 ], [ 128.862155730696259, 35.929788337316261 ], [ 128.862185848170043, 35.92966988313966 ], [ 128.862190280997766, 35.929652448716496 ], [ 128.862194013018296, 35.929637770116521 ], [ 128.8621949611302, 35.929634045073868 ], [ 128.86220762372767, 35.929423397089721 ], [ 128.862194053721197, 35.929367038094142 ], [ 128.862182140477756, 35.929317569582388 ], [ 128.862265467153634, 35.929301804656461 ], [ 128.86230163277898, 35.929320228862416 ], [ 128.862375651805024, 35.929319388764327 ], [ 128.862380745592418, 35.929243509090831 ], [ 128.862258226224952, 35.929221919762611 ], [ 128.862126579331544, 35.928956055687287 ], [ 128.862008122287051, 35.928909550527088 ], [ 128.862004066027396, 35.92890015397932 ], [ 128.862004437306808, 35.92889562771655 ], [ 128.862004554325551, 35.928894194748423 ], [ 128.862004595726972, 35.928893684033895 ], [ 128.862006870695893, 35.928879881113424 ], [ 128.8620082814451, 35.928864678013852 ], [ 128.862009333232152, 35.928852845282165 ], [ 128.861907107897508, 35.928777614002968 ], [ 128.861999635189733, 35.928633057571531 ], [ 128.861791661964418, 35.928515513933164 ], [ 128.861790969431411, 35.928515721928576 ], [ 128.861792566259453, 35.928512788279988 ], [ 128.861717762295484, 35.928450073078835 ], [ 128.861577087644008, 35.928415690357106 ], [ 128.861528621145993, 35.928427033627841 ], [ 128.861488389326496, 35.928505451613489 ], [ 128.861172011631766, 35.928411458638131 ], [ 128.861132142659386, 35.928490436748177 ], [ 128.861125968943071, 35.928489547455229 ], [ 128.860726433184652, 35.928431992979483 ], [ 128.860587887592118, 35.928398512386309 ], [ 128.860483355868183, 35.928373251658392 ], [ 128.860199453501878, 35.92830464279087 ], [ 128.859842458202195, 35.928194945800186 ], [ 128.859653473093402, 35.928082755166372 ], [ 128.85962686392574, 35.928066958100594 ], [ 128.859583377025729, 35.928041141380014 ], [ 128.859573409976008, 35.928048512578108 ], [ 128.859567707120476, 35.928052730376052 ], [ 128.859551306087553, 35.928064863157296 ], [ 128.859542032879432, 35.928071722417776 ], [ 128.859540769696338, 35.928071100247926 ], [ 128.859507632915722, 35.928055359889839 ], [ 128.859461103320086, 35.928036857474538 ], [ 128.859357841205764, 35.927993709744541 ], [ 128.859330661447729, 35.92798096165253 ], [ 128.859335103770917, 35.927970844911002 ], [ 128.85933707761987, 35.927966350149191 ], [ 128.859374207901823, 35.927881803743432 ], [ 128.859391418112722, 35.92783781813668 ], [ 128.859403476803607, 35.927767833174109 ], [ 128.859367747208324, 35.927722223944798 ], [ 128.859317086253924, 35.927671513474621 ], [ 128.859288695526232, 35.927648624300311 ], [ 128.85920734598389, 35.92758919195186 ], [ 128.859155406165769, 35.927561668706133 ], [ 128.859153794973935, 35.927560789030153 ], [ 128.859159323149157, 35.927548835311626 ], [ 128.859171971917192, 35.927521473226847 ], [ 128.85902436931255, 35.927466546680421 ], [ 128.859009589404394, 35.927464851277293 ], [ 128.858964729769127, 35.927459704977551 ], [ 128.858880548659045, 35.927448009591039 ], [ 128.858806446734462, 35.92756982778949 ], [ 128.858798699911404, 35.927565097730856 ], [ 128.858789715799929, 35.927557760041147 ], [ 128.858766938609307, 35.927544603173828 ], [ 128.858683695487315, 35.927496520470818 ], [ 128.858596846141211, 35.927458961465966 ], [ 128.858575908760628, 35.927448511754747 ], [ 128.858565884709975, 35.927440899132776 ], [ 128.858553801594496, 35.927432013420464 ], [ 128.858613891689345, 35.927334102407194 ], [ 128.858380018010763, 35.927232561290602 ], [ 128.858246101934498, 35.927180595270563 ], [ 128.858004095717263, 35.927086684183202 ], [ 128.858031612076331, 35.927031000710997 ], [ 128.857999880852958, 35.927018722111072 ], [ 128.857753828464325, 35.926923500646929 ], [ 128.857752916048156, 35.926925110274418 ], [ 128.857723093836114, 35.926977639183477 ], [ 128.857708513219677, 35.926993364440385 ], [ 128.857580801355965, 35.926931362668121 ], [ 128.857325961062884, 35.926824143031077 ], [ 128.857358249418951, 35.926787062375517 ], [ 128.857011031075956, 35.92653811014965 ], [ 128.856998941591002, 35.926548738874324 ], [ 128.856952185013654, 35.926589846839136 ], [ 128.85692838624999, 35.926569802686011 ], [ 128.856874011265035, 35.926480181801715 ], [ 128.856867814970656, 35.9264644030157 ], [ 128.856868572000849, 35.926425254254163 ], [ 128.856675781800959, 35.926094942873519 ], [ 128.856658437942144, 35.926075994537207 ], [ 128.856799932616298, 35.925991657270551 ], [ 128.85664833144611, 35.92583506230622 ], [ 128.856590955939993, 35.925839304678121 ], [ 128.856543943718265, 35.925757396362791 ], [ 128.85655436410093, 35.92574894624569 ], [ 128.856604794186268, 35.925716895476533 ], [ 128.856686551627035, 35.925598617372309 ], [ 128.856858238799617, 35.925350235789089 ], [ 128.856890550143248, 35.925288314341742 ], [ 128.856934932554765, 35.925165004938108 ], [ 128.857144045938782, 35.924570324635546 ], [ 128.857213891696631, 35.924371692300461 ], [ 128.857145589540238, 35.924331333297026 ], [ 128.85708124499223, 35.924295485825809 ], [ 128.856993874397801, 35.924247214145367 ], [ 128.856154549975912, 35.923783482751048 ], [ 128.855494384470319, 35.923045917547547 ], [ 128.855358924028764, 35.922898456265742 ], [ 128.855306707197428, 35.922860935582662 ], [ 128.854911936817189, 35.922607259653219 ], [ 128.854558484479412, 35.922378696086191 ], [ 128.854079661499981, 35.922073662779589 ], [ 128.853915041657274, 35.921968412759206 ], [ 128.853830155413192, 35.921910285849073 ], [ 128.853560362180332, 35.921763791497909 ], [ 128.853321221076698, 35.921633934718741 ], [ 128.853198021359674, 35.921567036607136 ], [ 128.852978680101899, 35.921380048499714 ], [ 128.852824863519686, 35.921057373752305 ], [ 128.852819006703669, 35.921036529731069 ], [ 128.85280557143443, 35.921004123380548 ], [ 128.852782437027116, 35.920969173133841 ], [ 128.852736107043995, 35.920841534997685 ], [ 128.852717341481195, 35.920785743580716 ], [ 128.852700630427989, 35.920739822370287 ], [ 128.852653382101835, 35.920547961619128 ], [ 128.852644241435826, 35.920500632554848 ], [ 128.852643264118939, 35.920495569770949 ], [ 128.852631034957795, 35.920464860003669 ], [ 128.852630529636087, 35.920456403961396 ], [ 128.852593183417383, 35.92024709883384 ], [ 128.852589848294627, 35.92017556234579 ], [ 128.852589102064911, 35.920112477355644 ], [ 128.852618071279039, 35.919907492042576 ], [ 128.852624720886752, 35.919860451593017 ], [ 128.852675343677134, 35.919819401700053 ], [ 128.852748097632173, 35.919758358498051 ], [ 128.852835562537564, 35.919684972539194 ], [ 128.852886019569922, 35.919642793009579 ], [ 128.852995080420243, 35.919552236022476 ], [ 128.853059577886711, 35.919498567777879 ], [ 128.853320872595162, 35.919281139996862 ], [ 128.853552502165797, 35.91909611166821 ], [ 128.853616314201503, 35.919040701893259 ], [ 128.853938466476905, 35.918776080357752 ], [ 128.854072147389445, 35.918659928933515 ], [ 128.85412450933606, 35.918617745433792 ], [ 128.85413768955803, 35.918607620457934 ], [ 128.854413719615678, 35.918377305361375 ], [ 128.854641873349209, 35.918194515702147 ], [ 128.854664927439188, 35.918176798375114 ], [ 128.854703616662704, 35.918134605736718 ], [ 128.854761994457419, 35.918083105755464 ], [ 128.855023701127379, 35.917852232848041 ], [ 128.855029952268183, 35.917845757837938 ], [ 128.855158044887361, 35.917662568055938 ], [ 128.855193235225784, 35.917450819853904 ], [ 128.855212738132934, 35.917313956986732 ], [ 128.855243914125339, 35.91709517931961 ], [ 128.855249089886058, 35.917082237845946 ], [ 128.855367743329737, 35.916785529228505 ], [ 128.855387798081495, 35.916736807684629 ], [ 128.855486161598378, 35.916497833697782 ], [ 128.855594258254001, 35.91636418593378 ], [ 128.855660976477679, 35.916227955926189 ], [ 128.855662475765683, 35.916168814558809 ], [ 128.855661273674144, 35.916061124425426 ], [ 128.855659950643968, 35.915942656994432 ], [ 128.855660921122393, 35.915883797914198 ], [ 128.85567548920227, 35.915775666448056 ], [ 128.855692108622605, 35.915588110661105 ], [ 128.855700476447907, 35.915556576288246 ], [ 128.855708671836936, 35.915521951621756 ], [ 128.855746684438856, 35.915370473179308 ], [ 128.855792174983662, 35.915201826320299 ], [ 128.855809769099864, 35.915141014303416 ], [ 128.855810124450073, 35.915139886986644 ], [ 128.855856668327334, 35.914965050033977 ], [ 128.855857358422156, 35.91496223758714 ], [ 128.855889249753403, 35.914845115130433 ], [ 128.855890001674737, 35.914815536525872 ], [ 128.855912864926012, 35.914713337142764 ], [ 128.855917667792085, 35.914644622537864 ], [ 128.855942260906517, 35.914543265470236 ], [ 128.855947518537278, 35.914411462215796 ], [ 128.855950282194726, 35.914339111337149 ], [ 128.85598162481773, 35.914320111029696 ], [ 128.855952706438842, 35.914280638805394 ], [ 128.85596812692998, 35.913933544076166 ], [ 128.855978843969837, 35.913471389949095 ], [ 128.855957670315206, 35.913121286292842 ], [ 128.855957331242763, 35.913119600658952 ], [ 128.855953030658895, 35.913102419227727 ], [ 128.855871133149208, 35.912639307844913 ], [ 128.855814680833049, 35.91246152215006 ], [ 128.855749109990256, 35.912350474948141 ], [ 128.855737372399688, 35.912331028107147 ], [ 128.855646431133266, 35.912175731844982 ], [ 128.85562342416199, 35.912138162606801 ], [ 128.855791584104679, 35.912109968822122 ], [ 128.855766536999283, 35.912051560386239 ], [ 128.855718968190388, 35.911936738007554 ], [ 128.85565996226731, 35.911929308585698 ], [ 128.855571502147995, 35.911937714389502 ], [ 128.855572463002318, 35.911920763824298 ], [ 128.855573765399583, 35.911874856822358 ], [ 128.855456176309019, 35.911428888502144 ], [ 128.855414104299371, 35.911343775996116 ], [ 128.855394926724898, 35.911319535842985 ], [ 128.855279929273479, 35.911163643570532 ], [ 128.855266811617099, 35.911146172178668 ], [ 128.855165969394307, 35.911012550023386 ], [ 128.855135225375676, 35.910970550452596 ], [ 128.854949080541871, 35.910726139247991 ], [ 128.854931658353138, 35.910691484580759 ], [ 128.854926470753441, 35.910690630779264 ], [ 128.854850141134364, 35.910587452182021 ], [ 128.854809087619827, 35.910530549397464 ], [ 128.854778151674935, 35.910487670199025 ], [ 128.854756758346042, 35.910445114242592 ], [ 128.854660157624693, 35.910263900755261 ], [ 128.854666949709156, 35.91014956798751 ], [ 128.854660409057345, 35.910127589496206 ], [ 128.854649377320044, 35.910103358272828 ], [ 128.854646600661937, 35.910099452176162 ], [ 128.854620548521893, 35.910062767673757 ], [ 128.854473576315115, 35.90978045779331 ], [ 128.854456519032851, 35.909747693106262 ], [ 128.854421233386773, 35.909698992121768 ], [ 128.854363797250841, 35.909619717735531 ], [ 128.854353615646545, 35.909601402639602 ], [ 128.854334968464485, 35.909578848488962 ], [ 128.854163330893385, 35.909347694263467 ], [ 128.854061940469819, 35.909230687050012 ], [ 128.853946501343358, 35.909131131303404 ], [ 128.853609272288253, 35.908873293924451 ], [ 128.853441894543721, 35.908498792544158 ], [ 128.853401022059586, 35.908417910131185 ], [ 128.853443780164127, 35.908318546622915 ], [ 128.853524174082793, 35.908092490656756 ], [ 128.853737582431279, 35.907913072068936 ], [ 128.853812521030221, 35.907825572115676 ], [ 128.853818336365293, 35.907814305043694 ], [ 128.853821381864549, 35.907808403551456 ], [ 128.853829729667154, 35.907787009895799 ], [ 128.853847794328431, 35.907754073478714 ], [ 128.853890900433015, 35.907678049178166 ], [ 128.85392247135826, 35.907622360012454 ], [ 128.854006705706325, 35.907467286479054 ], [ 128.854083189831613, 35.907203767009122 ], [ 128.85412039330842, 35.907111996374631 ], [ 128.854147898431933, 35.907067414766665 ], [ 128.854183595842329, 35.907009557692042 ], [ 128.854246565335501, 35.906935849731973 ], [ 128.854330568607224, 35.906810338813699 ], [ 128.854382563870871, 35.906728307228306 ], [ 128.85438260815198, 35.906728237327876 ], [ 128.854384702195375, 35.906726917307004 ], [ 128.854395130210776, 35.906720571909212 ], [ 128.854487832579451, 35.906664925918697 ], [ 128.854510251180216, 35.906645221610162 ], [ 128.854512797183759, 35.90664298233758 ], [ 128.854553552563772, 35.906601917671111 ], [ 128.854590894090535, 35.906529864480127 ], [ 128.854607071797233, 35.906486507727003 ], [ 128.854620133193862, 35.906442877808395 ], [ 128.854634269305677, 35.906384026965796 ], [ 128.854653462859318, 35.906301251074552 ], [ 128.854660115567583, 35.906166919386671 ], [ 128.8547252230494, 35.905492473785344 ], [ 128.854790109022588, 35.905226687524582 ], [ 128.854886860106404, 35.904944040050481 ], [ 128.854951507687758, 35.904620519734436 ], [ 128.854994438800219, 35.904520869721189 ], [ 128.855059818161664, 35.904262407157447 ], [ 128.854907168664226, 35.903974106018445 ], [ 128.85488940801639, 35.903940563993395 ], [ 128.854879585280173, 35.90391492174578 ], [ 128.854861231677205, 35.903827876124083 ], [ 128.854867348955821, 35.903792680801629 ], [ 128.854873572669533, 35.903703409636286 ], [ 128.854887430109898, 35.903608228447133 ], [ 128.854877554319671, 35.903514991914882 ], [ 128.854855328549121, 35.903366549839347 ], [ 128.854793093781097, 35.903140594925304 ], [ 128.854785539124464, 35.903103688605476 ], [ 128.854759289496485, 35.902886232929177 ], [ 128.854751059763487, 35.902843133501307 ], [ 128.854760475837196, 35.902807095892378 ], [ 128.854768597399868, 35.902721768231778 ], [ 128.854796190753206, 35.902584083597347 ], [ 128.854852072058861, 35.902411229325303 ], [ 128.85489641946873, 35.90229552693161 ], [ 128.854899735359396, 35.902280607963206 ], [ 128.854933012374772, 35.902166299829922 ], [ 128.854928906589777, 35.90213982315727 ], [ 128.854923600359911, 35.902103767754411 ], [ 128.854917062210234, 35.902081507036101 ], [ 128.854944450712054, 35.901970571254942 ], [ 128.854940484146226, 35.901959020540495 ], [ 128.854936376131803, 35.901934232457556 ], [ 128.854925288436078, 35.901753122145493 ], [ 128.854926706193083, 35.901735668757816 ], [ 128.854921787755302, 35.901681019431869 ], [ 128.854920345616193, 35.901617092 ], [ 128.854917079740005, 35.901602442932848 ], [ 128.8549348150122, 35.901451878445677 ], [ 128.854936251350352, 35.901439675357132 ], [ 128.854943902519381, 35.901323650477579 ], [ 128.854953832795417, 35.901291270862359 ], [ 128.854984610410241, 35.901120072818891 ], [ 128.855014214399489, 35.901020692159221 ], [ 128.855053648098306, 35.900846124756335 ], [ 128.855066708323193, 35.900804178833532 ], [ 128.855094764031691, 35.900702256181091 ], [ 128.855112443494193, 35.900593291577223 ], [ 128.85511302187723, 35.900562873740618 ], [ 128.855115845147026, 35.900534144376728 ], [ 128.8551274234419, 35.900476382502205 ], [ 128.855132301028732, 35.900452072692296 ], [ 128.855141869720285, 35.900404344084855 ], [ 128.855157619002625, 35.900309166715736 ], [ 128.855177509516579, 35.900226951681617 ], [ 128.855187927934793, 35.900205278513653 ], [ 128.855194787237934, 35.900143047816719 ], [ 128.855195361596174, 35.900114605275526 ], [ 128.85520508596349, 35.900097718048208 ], [ 128.855217071532337, 35.900076328300784 ], [ 128.85524297167845, 35.900017492417405 ], [ 128.855263151432723, 35.899958099038983 ], [ 128.855266141285171, 35.899934724680698 ], [ 128.855278591465236, 35.899875715750404 ], [ 128.855286220593285, 35.899839548902541 ], [ 128.85532005825479, 35.899786930513081 ], [ 128.855322638431062, 35.899781250599247 ], [ 128.855324453928091, 35.899777252556341 ], [ 128.855331228881141, 35.899762329687441 ], [ 128.855962611510137, 35.899709565804521 ], [ 128.856070369234942, 35.899427745864024 ], [ 128.856192753525761, 35.899427075840478 ], [ 128.856278604000011, 35.898883141684479 ], [ 128.856743048616721, 35.899050474602312 ], [ 128.856862379321086, 35.899116706683451 ], [ 128.857089369545463, 35.899242694177531 ], [ 128.857419898919147, 35.899363062626776 ], [ 128.85757776124845, 35.899546320499034 ], [ 128.857683546142198, 35.899617978844532 ], [ 128.857786175225925, 35.899623455420112 ], [ 128.857828166183026, 35.899613901272673 ], [ 128.857863744298925, 35.899605802578044 ], [ 128.857956063104268, 35.89956788958127 ], [ 128.857999146757237, 35.899547282291323 ], [ 128.858041805328071, 35.899526878413269 ], [ 128.858107460596926, 35.899494566058024 ], [ 128.858222628, 35.899455554197523 ], [ 128.858313756132475, 35.899407508581305 ], [ 128.858369712303244, 35.899372651700077 ], [ 128.858414309281613, 35.899310457748811 ], [ 128.858427508980952, 35.899287942366406 ], [ 128.858452648063832, 35.899259806549139 ], [ 128.858556866343008, 35.89915122278444 ], [ 128.858584128294012, 35.899113192036737 ], [ 128.858622836681946, 35.899059192862836 ], [ 128.858503579508294, 35.898843168937226 ], [ 128.85868625885692, 35.898776118818702 ], [ 128.858697600592308, 35.898750058879763 ], [ 128.858715245377255, 35.898742589758122 ], [ 128.858771909955493, 35.898718602059354 ], [ 128.858844814262909, 35.898695310923046 ], [ 128.858900081680758, 35.89866130001532 ], [ 128.858955948919458, 35.898582788194211 ], [ 128.859049398833292, 35.898493053355928 ], [ 128.859146027736188, 35.898464444945787 ], [ 128.859292659648446, 35.898440392004943 ], [ 128.85936695470869, 35.898413442630641 ], [ 128.859445087255978, 35.898371295049287 ], [ 128.85952135827435, 35.898304919147591 ], [ 128.859606818180879, 35.898228126554073 ], [ 128.859641311944216, 35.898202542728093 ], [ 128.859709057199041, 35.898158687898608 ], [ 128.859832222565814, 35.898100810490575 ], [ 128.859943846786621, 35.898004339362643 ], [ 128.859992033371611, 35.8979658139584 ], [ 128.860025970022349, 35.89795431011364 ], [ 128.860133678729255, 35.8979228924685 ], [ 128.860340319888365, 35.897832443294362 ], [ 128.860422933098704, 35.897810939837719 ], [ 128.860467403379801, 35.89779936520808 ], [ 128.86070104862975, 35.897801890731451 ], [ 128.860899741216372, 35.8978021244885 ], [ 128.861012079999199, 35.897789295413666 ], [ 128.861130386595562, 35.897734799303826 ], [ 128.861274665132299, 35.897673853899541 ], [ 128.861400268446232, 35.897601614741092 ], [ 128.861457287988969, 35.897558870421548 ], [ 128.861580072538459, 35.897513950535277 ], [ 128.86167675458546, 35.897448722976002 ], [ 128.861708302894186, 35.897422011696392 ], [ 128.861782981732318, 35.897377597466033 ], [ 128.861865432961906, 35.897333754957494 ], [ 128.861956579529704, 35.897272181651132 ], [ 128.861980307828873, 35.897258688875645 ], [ 128.861982153492818, 35.897257638394159 ], [ 128.86200647187394, 35.897243794536259 ], [ 128.862066961657632, 35.897193452144045 ], [ 128.86208847546763, 35.897163625311293 ], [ 128.862167313255895, 35.897112742973675 ], [ 128.862264671481455, 35.897057934367275 ], [ 128.862349073944785, 35.896991565412257 ], [ 128.862402435998462, 35.896959803109048 ], [ 128.862417500684586, 35.89695193492274 ], [ 128.86257875900634, 35.896878896021356 ], [ 128.862762295276752, 35.89683460447587 ], [ 128.862915789590744, 35.896842946864048 ], [ 128.86309209106679, 35.896876108902298 ], [ 128.863217402381906, 35.896870620422568 ], [ 128.863747957679749, 35.896813488204032 ], [ 128.864097002634139, 35.896838112783868 ], [ 128.864256577177571, 35.896833508740038 ], [ 128.864444103845528, 35.896780207192371 ], [ 128.864563786662359, 35.896728524696407 ], [ 128.864675194125766, 35.896657955332998 ], [ 128.86475659062063, 35.896621999506664 ], [ 128.864797476760145, 35.896600640054636 ], [ 128.864832145346071, 35.896568856556442 ], [ 128.864874609800466, 35.896530881081887 ], [ 128.864906150404778, 35.896507547992265 ], [ 128.864931621968907, 35.896490958805572 ], [ 128.864966603297347, 35.896478040723387 ], [ 128.864982713096225, 35.896468208526834 ], [ 128.865024626733458, 35.896447976851228 ], [ 128.865046118015727, 35.896432787886525 ], [ 128.865062243422699, 35.896415348397262 ], [ 128.865083560237849, 35.896399033596083 ], [ 128.86512376781161, 35.896366689401098 ], [ 128.865204489105736, 35.89632228550694 ], [ 128.865231727938522, 35.89628344625396 ], [ 128.865276112977227, 35.896235903410187 ], [ 128.865334697385435, 35.896184715588333 ], [ 128.865516322469773, 35.896037343595914 ], [ 128.865645646632828, 35.895917507465363 ], [ 128.865763832016938, 35.895824703132007 ], [ 128.865871598333882, 35.895758635755186 ], [ 128.865934035593483, 35.895679849475911 ], [ 128.866013415405206, 35.895611219082035 ], [ 128.866044849636211, 35.895578511903452 ], [ 128.866140497499629, 35.895478985758089 ], [ 128.866249260892914, 35.89533069263485 ], [ 128.866349217561094, 35.895252852721732 ], [ 128.866360860534797, 35.895243784730027 ], [ 128.866436412146925, 35.89519008277184 ], [ 128.866573070831663, 35.895125178922001 ], [ 128.866765825079142, 35.895049914346345 ], [ 128.867075176992614, 35.894994214120281 ], [ 128.868006253297523, 35.894803458711991 ], [ 128.869027808741862, 35.894727136057838 ], [ 128.869322947823633, 35.894584387194868 ], [ 128.869744153065227, 35.89439333456076 ], [ 128.870016539480048, 35.894304635983389 ], [ 128.870046750055081, 35.894139067166542 ], [ 128.870115243824216, 35.894053288608085 ], [ 128.870175195430789, 35.893978200899042 ], [ 128.87018739877189, 35.893962918217376 ], [ 128.870184814639174, 35.893936666778558 ], [ 128.870184814037174, 35.89393663749096 ], [ 128.870103567100557, 35.893110765375994 ], [ 128.870081691479186, 35.89288835032027 ], [ 128.870114367130299, 35.892757303088175 ], [ 128.870124961156193, 35.892714832423394 ], [ 128.87028256484092, 35.892082801987947 ], [ 128.870597296309455, 35.891697015783599 ], [ 128.87071071863113, 35.891635844735823 ], [ 128.870715601827499, 35.891633211072552 ], [ 128.871167241103677, 35.891449514231418 ], [ 128.87160833176992, 35.891259317166529 ], [ 128.871786560227434, 35.891163752138461 ], [ 128.871888234677243, 35.890899119574641 ], [ 128.871980595109619, 35.890613923971209 ], [ 128.872037067973025, 35.89050916833736 ], [ 128.872040952070279, 35.890501964013112 ], [ 128.872046905970478, 35.890490920767732 ], [ 128.872182650187881, 35.890357387632946 ], [ 128.872890852114864, 35.889660708604154 ], [ 128.872988380911977, 35.88960223285342 ], [ 128.873025187718582, 35.889582264611647 ], [ 128.873294085573633, 35.889436397039276 ], [ 128.873551914005731, 35.889338372981868 ], [ 128.874488544401771, 35.889300505676125 ], [ 128.874709469642085, 35.889228070424018 ], [ 128.874712967748621, 35.889219287799264 ], [ 128.874723454559415, 35.889192954434613 ], [ 128.874753080701794, 35.889118560060965 ], [ 128.874820097992824, 35.888980343878046 ], [ 128.874714511903505, 35.888781678189162 ], [ 128.874696389532119, 35.888747863733734 ], [ 128.874674972002367, 35.888725309232605 ], [ 128.874406639829743, 35.888357210155974 ], [ 128.874314384147453, 35.888259103163094 ], [ 128.87421650980437, 35.888126328069006 ], [ 128.87396799699161, 35.887788673870837 ], [ 128.873937979932919, 35.887728374114324 ], [ 128.873490359810916, 35.887264037391809 ], [ 128.873243870739515, 35.88687623969971 ], [ 128.872794638684212, 35.886341492950621 ], [ 128.872739351280671, 35.886287636480624 ], [ 128.872565144927506, 35.886162116987698 ], [ 128.872507219688117, 35.88612038017876 ], [ 128.872398619073522, 35.886076048976513 ], [ 128.8723646260988, 35.886015456153871 ], [ 128.872297489606126, 35.885907792734542 ], [ 128.872233084361284, 35.885821265989705 ], [ 128.872020444849284, 35.885584173434964 ], [ 128.871886259485592, 35.885523196104764 ], [ 128.871829568276553, 35.885482297598969 ], [ 128.871801896726254, 35.885472408371932 ], [ 128.87177956993466, 35.885478864131464 ], [ 128.871711641138575, 35.885429500547332 ], [ 128.871588227057202, 35.885345164708838 ], [ 128.871528233754162, 35.885312429261575 ], [ 128.871469820212781, 35.885266456605656 ], [ 128.8714506318139, 35.88525151200092 ], [ 128.871324476961945, 35.885150825477254 ], [ 128.871321708742101, 35.885150262077367 ], [ 128.871333137395538, 35.884996209714558 ], [ 128.871222816841055, 35.88489478872237 ], [ 128.871195262594512, 35.884869454798881 ], [ 128.871037866933335, 35.884724754940244 ], [ 128.870921398981892, 35.884346868421567 ], [ 128.870867180740049, 35.884325576541201 ], [ 128.870862448842388, 35.884305694112989 ], [ 128.870802346566023, 35.884238035144165 ], [ 128.87061347680438, 35.884178402649951 ], [ 128.870575955202042, 35.884165689264272 ], [ 128.870542047897118, 35.884156352321199 ], [ 128.870487190099652, 35.884159392659384 ], [ 128.87047699353522, 35.884151216743277 ], [ 128.870389893598912, 35.884081274649787 ], [ 128.870361200322009, 35.88406039806852 ], [ 128.87036086053493, 35.884059837587678 ], [ 128.870346007181098, 35.88404095052352 ], [ 128.870229009070499, 35.883950137351249 ], [ 128.870168543585493, 35.883887263013285 ], [ 128.87002443192074, 35.883765438900667 ], [ 128.86997741566168, 35.883734403648397 ], [ 128.869863509329406, 35.883656267319772 ], [ 128.869710810148774, 35.883598924481184 ], [ 128.869690577139579, 35.88359101622413 ], [ 128.869673816023891, 35.883580856912189 ], [ 128.869588398704934, 35.883539649346545 ], [ 128.869497590227525, 35.883517576881061 ], [ 128.869422668993622, 35.883512430633168 ], [ 128.869209827688621, 35.883511346884809 ], [ 128.869206552552725, 35.883508811256284 ], [ 128.86916951815536, 35.883509052274533 ], [ 128.869153760741767, 35.883515235212805 ], [ 128.869077422316934, 35.883528669226202 ], [ 128.868730827061341, 35.883524617922134 ], [ 128.86867944432808, 35.883524282161105 ], [ 128.868364183410705, 35.883510694201483 ], [ 128.868106505800995, 35.883522241338476 ], [ 128.868044200176826, 35.883526678931922 ], [ 128.868036417102473, 35.8835255433128 ], [ 128.867919809534328, 35.883513020450465 ], [ 128.867878608825578, 35.883521709892001 ], [ 128.867768374448275, 35.883527219735633 ], [ 128.867889682134631, 35.883522847712683 ], [ 128.867730112909129, 35.883539848698376 ], [ 128.867723370460197, 35.883538993303546 ], [ 128.867516721735115, 35.883556788009834 ], [ 128.867331870094233, 35.883585594314511 ], [ 128.867075316320523, 35.883651205680316 ], [ 128.866921062486, 35.883694408486889 ], [ 128.866750418973936, 35.883709990802053 ], [ 128.866700041839977, 35.883722603159434 ], [ 128.866539784111495, 35.883732841709822 ], [ 128.866448753440665, 35.883738940500294 ], [ 128.866400661277254, 35.883729026323614 ], [ 128.866384568874139, 35.883729009277495 ], [ 128.866362605456089, 35.883724759625025 ], [ 128.866289761242228, 35.883721864156264 ], [ 128.86624823143859, 35.883722376292539 ], [ 128.866241673380443, 35.883710264003582 ], [ 128.866228207735418, 35.883689681980002 ], [ 128.866226842661888, 35.883678704240175 ], [ 128.866218591241335, 35.883646305129176 ], [ 128.866212774258486, 35.883608844173615 ], [ 128.866202812811849, 35.883579758708933 ], [ 128.866200035844997, 35.883571651277649 ], [ 128.866172641099354, 35.883497826413958 ], [ 128.865937868759374, 35.883271123955424 ], [ 128.86591955763484, 35.883255052372355 ], [ 128.865852800429252, 35.883233852131859 ], [ 128.865778462822561, 35.883214281483255 ], [ 128.865762898659881, 35.88321018342458 ], [ 128.865759679763642, 35.883202980735881 ], [ 128.865702471259368, 35.883075031501875 ], [ 128.865365407064729, 35.882775922523948 ], [ 128.864749427141248, 35.882492603865643 ], [ 128.864715431811504, 35.882476894236177 ], [ 128.864681704510417, 35.882461309568605 ], [ 128.8646876657657, 35.882454929306633 ], [ 128.86451343228822, 35.88235540382162 ], [ 128.864490505203236, 35.882372959291381 ], [ 128.864242866619236, 35.882258528450286 ], [ 128.863723156113821, 35.881799918679057 ], [ 128.863425530009806, 35.881629107569374 ], [ 128.863321525260886, 35.881429701967363 ], [ 128.863226718189679, 35.881336320174732 ], [ 128.862884585385046, 35.881180698819705 ], [ 128.862872524870824, 35.880886777649813 ], [ 128.862768503326635, 35.8808099430792 ], [ 128.862768255914318, 35.880809080415986 ], [ 128.862766185336767, 35.880808231228187 ], [ 128.862737809941365, 35.880804818156001 ], [ 128.862713467221823, 35.88077827830157 ], [ 128.862693427738066, 35.88075643077152 ], [ 128.862596881065542, 35.880651165268375 ], [ 128.862560561337347, 35.880643515835182 ], [ 128.862525849776631, 35.880600666765822 ], [ 128.862497856679198, 35.88058063496738 ], [ 128.862346362448932, 35.880434853905491 ], [ 128.86223864110255, 35.880391922367764 ], [ 128.862168443700284, 35.880359170762176 ], [ 128.862109253119002, 35.880366138388283 ], [ 128.862096428500337, 35.880378236349479 ], [ 128.862080842981499, 35.88038695061838 ], [ 128.86191821554965, 35.880275514714818 ], [ 128.861875320513548, 35.880266451205529 ], [ 128.861736305297654, 35.880203203739129 ], [ 128.861670724245386, 35.880203126912001 ], [ 128.861481054599437, 35.880123767892812 ], [ 128.861196333204788, 35.879969095489137 ], [ 128.860821342908451, 35.879794042867651 ], [ 128.860386327697881, 35.879600890057688 ], [ 128.860178359761449, 35.879493623726525 ], [ 128.860071819095708, 35.879441922060195 ], [ 128.859929927087762, 35.879373066858321 ], [ 128.859926655726412, 35.879364050712589 ], [ 128.859821369906484, 35.879318017870723 ], [ 128.859792657873982, 35.879309260015944 ], [ 128.859665922811189, 35.879256164767142 ], [ 128.859540381818789, 35.879209536080609 ], [ 128.859538818857374, 35.879210383183199 ], [ 128.859475121464726, 35.879130042928686 ], [ 128.859480678953958, 35.879117656973662 ], [ 128.859473363668656, 35.879047800692859 ], [ 128.859431953592605, 35.878981285560073 ], [ 128.859431136701232, 35.878955653419439 ], [ 128.859429553046425, 35.878942519788872 ], [ 128.859412890084428, 35.878804114001262 ], [ 128.859414519419119, 35.878760739057185 ], [ 128.859414055149301, 35.878635690931915 ], [ 128.859426072064906, 35.878495164659071 ], [ 128.859424001891341, 35.878473864154522 ], [ 128.859412986318659, 35.878360530050159 ], [ 128.859332123928027, 35.878007252960238 ], [ 128.859060624819307, 35.877627046094346 ], [ 128.859042682317579, 35.877601917860069 ], [ 128.859055000831489, 35.877584184154884 ], [ 128.85910287774098, 35.877515244897531 ], [ 128.859106236002162, 35.877507244574936 ], [ 128.859124296805504, 35.877464219175742 ], [ 128.859520440844136, 35.876520419639476 ], [ 128.859577536080224, 35.876421071720614 ], [ 128.85968489546994, 35.876277565640748 ], [ 128.859764755844765, 35.876128954388534 ], [ 128.860070839612035, 35.875737554591367 ], [ 128.860449543977239, 35.875073607644666 ], [ 128.860346664449253, 35.875042179889931 ], [ 128.860266458370802, 35.8750176784947 ], [ 128.859952551463294, 35.874921785131953 ], [ 128.860062262373532, 35.874719136760035 ], [ 128.860070793908079, 35.874691539787484 ], [ 128.860157057169999, 35.874517427115293 ], [ 128.860162132430673, 35.874507180513909 ], [ 128.860188908525004, 35.874455276270211 ], [ 128.860242853825497, 35.874350705924897 ], [ 128.860294772109427, 35.874250481396771 ], [ 128.860328400270078, 35.874212777063256 ], [ 128.860602951695824, 35.873643628850026 ], [ 128.860673532885926, 35.873555551856931 ], [ 128.860896867550537, 35.873375004832269 ], [ 128.861024724208278, 35.873282497630164 ], [ 128.861150239880061, 35.873139282145814 ], [ 128.861364212069873, 35.872871699975661 ], [ 128.86137740405789, 35.872410947244241 ], [ 128.86138670921423, 35.872085946335474 ], [ 128.861584899406807, 35.872002067654265 ], [ 128.861589110176197, 35.872000285481448 ], [ 128.861771554694428, 35.871852071382932 ], [ 128.862219006479904, 35.871835971757775 ], [ 128.862765596362664, 35.871713250094231 ], [ 128.862844718021023, 35.871683771959916 ], [ 128.863030890631705, 35.871581179929464 ], [ 128.863125270836321, 35.871533137180506 ], [ 128.863252385219198, 35.871457235088272 ], [ 128.86337725019041, 35.871389504649123 ], [ 128.863691257185536, 35.871197503323828 ], [ 128.864019986921591, 35.870898783600872 ], [ 128.86412673966754, 35.870691897287649 ], [ 128.864194090677671, 35.870663809593403 ], [ 128.864261404853011, 35.870655153924595 ], [ 128.864365169762124, 35.87058317249344 ], [ 128.864561014444718, 35.870487640850932 ], [ 128.864993565234016, 35.870371815798869 ], [ 128.865129389014612, 35.870349268267312 ], [ 128.865198233596999, 35.870213948222833 ], [ 128.86545162428979, 35.870174389959146 ], [ 128.865496523986877, 35.870217564212247 ], [ 128.865501791352585, 35.870214952991972 ], [ 128.865747017672078, 35.870073565011047 ], [ 128.865892914635992, 35.869947842438286 ], [ 128.866232517103981, 35.869751915710111 ], [ 128.866373678883036, 35.869662516896454 ], [ 128.866584823260951, 35.869617124300667 ], [ 128.866733498089758, 35.869581809098804 ], [ 128.866868086344454, 35.869490987963381 ], [ 128.867027951439297, 35.869386965445756 ], [ 128.867070426016824, 35.869334342774934 ], [ 128.867123625158911, 35.869285114002537 ], [ 128.867273319214036, 35.869158259307731 ], [ 128.867340323417068, 35.869090339580978 ], [ 128.86734068915132, 35.869089965789051 ], [ 128.867433449473992, 35.868995934708792 ], [ 128.867529102177542, 35.868906194379583 ], [ 128.867601173844946, 35.868844882749571 ], [ 128.867699875383465, 35.868792324656198 ], [ 128.867782997674709, 35.868747075014625 ], [ 128.868030569161704, 35.868645959652596 ], [ 128.868327310052308, 35.868523214842909 ], [ 128.868458920136533, 35.868469132687309 ], [ 128.868564501488805, 35.868425745237303 ], [ 128.868716637644212, 35.868385078139084 ], [ 128.868749086099598, 35.8683290657738 ], [ 128.86877085778039, 35.868295943731127 ], [ 128.868776836292483, 35.868286846300308 ], [ 128.868783272268644, 35.868289051583346 ], [ 128.868812282443599, 35.868298997115232 ], [ 128.868888545679312, 35.868321053991288 ], [ 128.869092331334713, 35.868222979581404 ], [ 128.869688595459053, 35.867969879434717 ], [ 128.87013585522331, 35.867734359309672 ], [ 128.870505168319227, 35.867455376913583 ], [ 128.870586954420929, 35.86737857072216 ], [ 128.870639632037182, 35.867328780201255 ], [ 128.870713243914849, 35.867271973044382 ], [ 128.870951097628961, 35.867085422930693 ], [ 128.871014831196931, 35.867035436191479 ], [ 128.871460670491928, 35.866716542834091 ], [ 128.871957360278799, 35.866506413962689 ], [ 128.872298686339008, 35.866337171572376 ], [ 128.872342772299532, 35.866315312843369 ], [ 128.872378265339705, 35.866292983407746 ], [ 128.872431275117208, 35.866259638133883 ], [ 128.872531577907694, 35.866177507377905 ], [ 128.872832320778571, 35.865924353206616 ], [ 128.873104032480995, 35.865539080569178 ], [ 128.873191963305345, 35.865403988610801 ], [ 128.87320722512473, 35.865380347239878 ], [ 128.873262979995474, 35.865310791260697 ], [ 128.873361502537023, 35.865187869586926 ], [ 128.873377857830235, 35.865166048959438 ], [ 128.873416983072786, 35.865113855889213 ], [ 128.873461892803931, 35.86505138184868 ], [ 128.873782837646843, 35.864602504156942 ], [ 128.874089487087332, 35.863245606519129 ], [ 128.874086683824004, 35.862831874601433 ], [ 128.874254002152128, 35.862601108169095 ], [ 128.874318047631078, 35.86246486060454 ], [ 128.87439656016511, 35.862373691819521 ], [ 128.874656907295559, 35.862055430426665 ], [ 128.874902122338, 35.86146368490148 ], [ 128.875072750786131, 35.861208136869898 ], [ 128.875158044246319, 35.861091620896751 ], [ 128.875280587741315, 35.860940790673993 ], [ 128.875486391098093, 35.860649795850506 ], [ 128.875593476703955, 35.860401140441532 ], [ 128.875621615175362, 35.860335803048777 ], [ 128.875660364936181, 35.860245822628031 ], [ 128.875183459855435, 35.859684016697827 ], [ 128.875395986256478, 35.859073497499125 ], [ 128.874847527826915, 35.857391253835935 ], [ 128.874721239489503, 35.856417347702426 ], [ 128.875099324563166, 35.855362158327836 ], [ 128.875035375724536, 35.855002572398448 ], [ 128.875265433897624, 35.854458126008822 ], [ 128.875020528184166, 35.854221848835223 ], [ 128.875211239519786, 35.853837612819618 ], [ 128.875261728476175, 35.853742756012849 ], [ 128.875428214853713, 35.853359052096657 ], [ 128.875691439244861, 35.852620302379286 ], [ 128.875766376909581, 35.852373239730326 ], [ 128.875472542533799, 35.851908931488694 ], [ 128.875575958610426, 35.851699635410156 ], [ 128.875656385864374, 35.851489475561415 ], [ 128.876355104897414, 35.85099226413795 ], [ 128.876940747082728, 35.850471071131672 ], [ 128.876963588440191, 35.850450742085528 ], [ 128.877803712806639, 35.850564953954901 ], [ 128.878076237351991, 35.850602001504029 ], [ 128.878245724562817, 35.850396014804524 ], [ 128.878299111859803, 35.850335865908313 ], [ 128.878315032885212, 35.850317928437285 ], [ 128.878553670724017, 35.849570556403876 ], [ 128.878711544048059, 35.849148826291504 ], [ 128.878714323270827, 35.849141780459988 ], [ 128.878726293847365, 35.849118134676168 ], [ 128.878814080090365, 35.848943752233694 ], [ 128.878821356941216, 35.84894052506958 ], [ 128.878957274835301, 35.84873716925059 ], [ 128.879713136679811, 35.848764815098043 ], [ 128.879987048873431, 35.848774832387086 ], [ 128.880334094133218, 35.848382992932798 ], [ 128.880858288497592, 35.847968666156483 ], [ 128.881152100195834, 35.847770687292808 ], [ 128.881294311479962, 35.847630575791221 ], [ 128.881837836716244, 35.847006577187578 ], [ 128.882243377188075, 35.84658029342318 ], [ 128.882525132502536, 35.846227534794536 ], [ 128.882549620930178, 35.846161939539506 ], [ 128.882683590757807, 35.845746793683354 ], [ 128.882680709473419, 35.845592307445074 ], [ 128.882673681058321, 35.845205184679806 ], [ 128.882728159994713, 35.84469576407421 ], [ 128.88286047589088, 35.843458491463998 ], [ 128.882995824666892, 35.843392715464361 ], [ 128.883220406552056, 35.843219446208487 ], [ 128.884184454417607, 35.843329957146011 ], [ 128.885076698846689, 35.843056591143998 ], [ 128.885448091544163, 35.842942799332626 ], [ 128.885594684861502, 35.842988807709929 ], [ 128.885869193165263, 35.843074960772839 ], [ 128.885885117569728, 35.843079956406356 ], [ 128.885984168171291, 35.843219871076897 ], [ 128.886573279800302, 35.844051995279898 ], [ 128.886653148418475, 35.844063019756604 ], [ 128.887180409819194, 35.844135793265536 ], [ 128.887441525067914, 35.844124675261767 ], [ 128.887600887680151, 35.844117889057301 ], [ 128.887830656506566, 35.844181896444944 ], [ 128.887953709404258, 35.844121325348574 ], [ 128.88800303993213, 35.844116871661903 ], [ 128.888087873418812, 35.844109261265942 ], [ 128.888375255574118, 35.844083417278867 ], [ 128.889096526294395, 35.844234488760804 ], [ 128.88974084813114, 35.844369435826749 ], [ 128.892446471135315, 35.844695244810687 ], [ 128.892551070627121, 35.844544172322927 ], [ 128.892556723489804, 35.844536007518521 ], [ 128.892651481823918, 35.84439914367065 ], [ 128.892737711939219, 35.844331061029102 ], [ 128.892896339773159, 35.843674560995133 ], [ 128.892931865370969, 35.84349236933145 ], [ 128.893038366386662, 35.843268702817255 ], [ 128.893086682297877, 35.843098913957142 ], [ 128.893105778457453, 35.843040073028043 ], [ 128.893415222572827, 35.842509314746977 ], [ 128.893418552341444, 35.842477495268348 ], [ 128.893444369576883, 35.841936766110202 ], [ 128.893390986319133, 35.841510308858169 ], [ 128.893436655512602, 35.841242229251534 ], [ 128.893477749817606, 35.841163548212904 ], [ 128.893614053542223, 35.840897658366131 ], [ 128.893927020452423, 35.840562789099984 ], [ 128.894900699569234, 35.840185266383514 ], [ 128.89502886711108, 35.839918952835312 ], [ 128.895141279403106, 35.839785837987819 ], [ 128.89503063553812, 35.83924061646092 ], [ 128.89507472205176, 35.83885762433826 ], [ 128.895111469660577, 35.838667834978359 ], [ 128.895309112919534, 35.838428887343305 ], [ 128.895388284086494, 35.838329966693685 ], [ 128.89539764134534, 35.838318427477027 ], [ 128.895536386478597, 35.83814829417949 ], [ 128.895814543551552, 35.837794683872531 ], [ 128.896018522978039, 35.837535369751244 ], [ 128.896015293565711, 35.837339066690618 ], [ 128.896308788394521, 35.836974630833581 ], [ 128.897470634404016, 35.837074552996924 ], [ 128.898098985486087, 35.837198149729652 ], [ 128.8984248968099, 35.837324331235578 ], [ 128.899214341408083, 35.8374820219193 ], [ 128.89931052021268, 35.837487404650723 ], [ 128.899997522834752, 35.837525851104409 ], [ 128.900034547993073, 35.837527923015749 ], [ 128.900156112097051, 35.837535200909144 ], [ 128.900196359014842, 35.837537611134486 ], [ 128.900651736449106, 35.837564879100618 ], [ 128.900726258566152, 35.837569341148487 ], [ 128.900742847968218, 35.837563652008654 ], [ 128.900833308248622, 35.837532627790338 ], [ 128.900857230434355, 35.837524423469254 ], [ 128.90089274746208, 35.837524878463611 ], [ 128.900894518511336, 35.837511632320322 ], [ 128.900923164111987, 35.837501807780271 ], [ 128.900987160978616, 35.837479858569651 ], [ 128.901125917183379, 35.837432368817097 ], [ 128.90167057057576, 35.837250335547331 ], [ 128.901823161318418, 35.837199336251892 ], [ 128.901825244691167, 35.837198626780676 ], [ 128.902386261455888, 35.83705128244808 ], [ 128.902409967979168, 35.837045057444165 ], [ 128.903386636571469, 35.836616172341763 ], [ 128.905253371745403, 35.835796399333468 ], [ 128.905509301980771, 35.835684004025616 ], [ 128.905597790083959, 35.835645155938806 ], [ 128.905603130514123, 35.835642810785608 ], [ 128.906994220901424, 35.835032050113192 ], [ 128.90717293979975, 35.83482138042833 ], [ 128.907533777323266, 35.834301477311953 ], [ 128.907566374531768, 35.834224470573446 ], [ 128.90785492264925, 35.833544924155575 ], [ 128.908220489395745, 35.832683973083988 ], [ 128.908339590366438, 35.832424114900775 ], [ 128.909572083141313, 35.831581322269237 ], [ 128.909585324124151, 35.831572263405519 ], [ 128.909629539647455, 35.831583703566203 ], [ 128.910232494851073, 35.831739663479702 ], [ 128.910556721453872, 35.831823523481027 ], [ 128.910608212443208, 35.831857070010315 ], [ 128.911176888725521, 35.832541190730723 ], [ 128.911302755511656, 35.832750903325319 ], [ 128.91143580284384, 35.832972571400759 ], [ 128.911814360211707, 35.83310889136407 ], [ 128.91240771468577, 35.833090180487623 ], [ 128.913178222478535, 35.83315721519218 ], [ 128.913251591419254, 35.833149636341517 ], [ 128.913379879360434, 35.833136380935713 ], [ 128.914317294268074, 35.833647823397392 ], [ 128.914495861978509, 35.8341934906774 ], [ 128.914484721522371, 35.834424574528619 ], [ 128.91446524655899, 35.83452045093167 ], [ 128.914323111361426, 35.834816923198517 ], [ 128.914248818945367, 35.835074285312558 ], [ 128.914191182683538, 35.835433618367361 ], [ 128.914217612910505, 35.835614167246433 ], [ 128.914412000495219, 35.836404744120316 ], [ 128.915023778358346, 35.837269397174822 ], [ 128.915154162520224, 35.837277654972432 ], [ 128.916112972267257, 35.836857963061433 ], [ 128.916348014458151, 35.836755077653258 ], [ 128.917381492861153, 35.836100008990769 ], [ 128.917556323058676, 35.83594226829797 ], [ 128.918054407987455, 35.835761238001389 ], [ 128.919365996973283, 35.836059131583852 ], [ 128.91957115626056, 35.836175028538023 ], [ 128.919750213350881, 35.836280198809881 ], [ 128.921274635603197, 35.836478796860966 ], [ 128.922066673362792, 35.836155719947641 ], [ 128.922881179202932, 35.836186105483826 ], [ 128.923803841378913, 35.835260243896037 ], [ 128.924332205921019, 35.834671253147711 ], [ 128.924646191431862, 35.834381783433393 ], [ 128.925440448879073, 35.834679414926669 ], [ 128.925456276137567, 35.834685346308753 ], [ 128.925776359764171, 35.83506590281511 ], [ 128.926206765618247, 35.835647464633695 ], [ 128.926272056094263, 35.835735681989085 ], [ 128.926473682353134, 35.835933372396774 ], [ 128.927496644235845, 35.836456877030521 ], [ 128.929317119827829, 35.836313359494135 ], [ 128.930322107402304, 35.836658410026693 ], [ 128.931042226000301, 35.836653346278744 ], [ 128.931573165874653, 35.836740705985299 ], [ 128.931956074713895, 35.836803708453196 ], [ 128.932370164580959, 35.836919839265335 ], [ 128.933240086502821, 35.837280414594815 ], [ 128.933553539705741, 35.83720997831233 ], [ 128.933707635022444, 35.837175349309625 ], [ 128.933973798599197, 35.836754298039104 ], [ 128.934265446123078, 35.83636809938735 ], [ 128.934285782810946, 35.836341168208428 ], [ 128.934298126362023, 35.836331543537703 ], [ 128.935065723155901, 35.835732976964906 ], [ 128.935318855782072, 35.83578972308819 ], [ 128.935460562544137, 35.835821490675528 ], [ 128.935582711536966, 35.835848873856783 ], [ 128.936088786157484, 35.835778601524758 ], [ 128.937284310500331, 35.835550965573191 ], [ 128.938311012008171, 35.835795272468047 ], [ 128.938594989440503, 35.835904370158637 ], [ 128.938889483165838, 35.836017509002701 ], [ 128.94044703220456, 35.835476005593655 ], [ 128.941009107101593, 35.834979059904235 ], [ 128.941249489763493, 35.834511792173821 ], [ 128.941448184943681, 35.833606976574451 ], [ 128.941856806870248, 35.832935604368778 ], [ 128.941873247479606, 35.832692975130747 ], [ 128.94190770140932, 35.832393751710228 ], [ 128.941839946454508, 35.832126441872049 ], [ 128.941926162697627, 35.83199214239626 ], [ 128.942066157886444, 35.83163269238586 ], [ 128.94255557911103, 35.831351011305046 ], [ 128.944252796748572, 35.83072348608237 ], [ 128.944411081754509, 35.830398265514127 ], [ 128.944502480253078, 35.830234782091615 ], [ 128.944583529755107, 35.830089809696219 ], [ 128.945671536270453, 35.830894264851395 ], [ 128.945748485443403, 35.830953681992263 ], [ 128.945932683419159, 35.831095908613399 ], [ 128.946118721317674, 35.831150770898063 ], [ 128.946995279663696, 35.831401124673434 ], [ 128.947225405656752, 35.831466847829461 ], [ 128.948219644454838, 35.832934704042387 ], [ 128.948239834898487, 35.832964509083695 ], [ 128.948575289101825, 35.832939535235575 ], [ 128.949400020586353, 35.832878126065623 ], [ 128.949518381293046, 35.832869312816811 ], [ 128.949631597691564, 35.832839160331915 ], [ 128.95009641862103, 35.832715366007172 ], [ 128.950214347476361, 35.833528564745066 ], [ 128.950266690126711, 35.833889465941084 ], [ 128.950353632280013, 35.833949488758165 ], [ 128.950812760177115, 35.834237381649658 ], [ 128.951109294137495, 35.834318470131315 ], [ 128.951874739781005, 35.834527775200563 ], [ 128.953284060360232, 35.836116384247781 ], [ 128.953436830661929, 35.836286836256903 ], [ 128.953759920616932, 35.836625112589431 ], [ 128.954012708830987, 35.836889777140598 ], [ 128.954329845325589, 35.837239986636696 ], [ 128.955129229030803, 35.837950831192877 ], [ 128.955129283326556, 35.837950883127547 ], [ 128.956166058130748, 35.838872796790262 ], [ 128.956631565429717, 35.839277976172539 ], [ 128.95756567334135, 35.840168867448256 ], [ 128.958471391673726, 35.840806271145297 ], [ 128.95891262231271, 35.841390694238264 ], [ 128.959014210587497, 35.841548133671907 ], [ 128.959239909551741, 35.841897906325578 ], [ 128.96088444583711, 35.841993240292602 ], [ 128.960886525607975, 35.841993383589909 ], [ 128.9614398122377, 35.841620823160902 ], [ 128.961554690559296, 35.841636296918161 ], [ 128.962180673777652, 35.841720618027907 ], [ 128.962617256597127, 35.841955374847572 ], [ 128.96297788982119, 35.842252760643007 ], [ 128.963148841296174, 35.842453765459943 ], [ 128.963167721303762, 35.842449585056897 ], [ 128.963196512706105, 35.842443208636865 ], [ 128.963772395020214, 35.842315674527832 ], [ 128.963879255395995, 35.842246143588596 ], [ 128.964512849787525, 35.841833878981035 ], [ 128.964885548170059, 35.841858353789618 ], [ 128.965129630879318, 35.8417497098932 ], [ 128.965960957393946, 35.84147409397351 ], [ 128.967852171226156, 35.841852885568549 ], [ 128.968111128949317, 35.841727204437156 ], [ 128.968560542417066, 35.841507506355661 ], [ 128.968877293141759, 35.841452977687794 ], [ 128.96892307020903, 35.84144508323029 ], [ 128.9689308431781, 35.841446633480679 ], [ 128.969071621498159, 35.841474693206742 ], [ 128.969144104008649, 35.841434716839728 ], [ 128.969237064928393, 35.841235761330161 ], [ 128.969363568931499, 35.841026824054154 ], [ 128.969487841301657, 35.840780136463025 ], [ 128.97015484504638, 35.840488670126135 ], [ 128.970176031701641, 35.840274346638104 ], [ 128.97019993318267, 35.84018732753222 ], [ 128.970223874146541, 35.840099750795744 ], [ 128.970368357637767, 35.839571204011335 ], [ 128.970373993469224, 35.839550583891338 ], [ 128.970446369532709, 35.839322746593041 ], [ 128.970597433748679, 35.838665440766903 ], [ 128.970604376108355, 35.838595170309567 ], [ 128.970698838010151, 35.838502112700318 ], [ 128.970818196138225, 35.837989555768921 ], [ 128.970948478464408, 35.83785130238774 ], [ 128.970837904281751, 35.837517045440748 ], [ 128.970830148564033, 35.83749359255647 ], [ 128.970843325263075, 35.837456376791209 ], [ 128.970888491810314, 35.837328838729064 ], [ 128.97091898088479, 35.837189856070694 ], [ 128.970875084046952, 35.837100955882796 ], [ 128.97086722037389, 35.837085026642733 ], [ 128.970804936096101, 35.836958882343041 ], [ 128.970797846828617, 35.836944658318359 ], [ 128.970770942235504, 35.836750179872553 ], [ 128.970600071980698, 35.836308240583818 ], [ 128.970742484408873, 35.836109433183822 ], [ 128.970694417844413, 35.836073372733019 ], [ 128.970610380806306, 35.836041526299034 ], [ 128.970417542141149, 35.835643798577301 ], [ 128.970547067927129, 35.835539037511793 ], [ 128.970424648496703, 35.835558299334799 ], [ 128.970409321158428, 35.835549706951085 ], [ 128.97010016412608, 35.835376819779285 ], [ 128.969942399895444, 35.835292271100073 ], [ 128.969756035295632, 35.835192397232603 ], [ 128.969324180732741, 35.83509969480231 ], [ 128.969103605927046, 35.835069694440314 ], [ 128.968411619771899, 35.834975572039973 ], [ 128.96794670328984, 35.834842643217968 ], [ 128.967764933495033, 35.834841603811611 ], [ 128.967337353038005, 35.834839155894016 ], [ 128.967124378824479, 35.83480434137892 ], [ 128.96681597368152, 35.834753962775878 ], [ 128.965712461469906, 35.8345923974897 ], [ 128.965733365880766, 35.834649983479828 ], [ 128.965663417122272, 35.834791533327206 ], [ 128.965637931000714, 35.83479157915037 ], [ 128.9656640424557, 35.834732121467127 ], [ 128.965700161045163, 35.834654425551747 ], [ 128.965691818558952, 35.834614805189645 ], [ 128.96560710195206, 35.834651632710269 ], [ 128.965441153258354, 35.83469703273142 ], [ 128.965365041065184, 35.834670539257651 ], [ 128.965361811976749, 35.834657797706825 ], [ 128.965361792960834, 35.834657722197079 ], [ 128.965348235547054, 35.834604229634877 ], [ 128.965310694827735, 35.834458513153699 ], [ 128.965285408825878, 35.834343827386732 ], [ 128.965271010156044, 35.834278502614204 ], [ 128.965257169898933, 35.834119435783272 ], [ 128.965317452733672, 35.833856044711453 ], [ 128.96533048053081, 35.833707981505079 ], [ 128.965319415615426, 35.833513115937421 ], [ 128.965314836028824, 35.833432383792925 ], [ 128.965243126717013, 35.833282943669332 ], [ 128.965243102162333, 35.833282886800895 ], [ 128.965151743230905, 35.833092487758748 ], [ 128.96492587519819, 35.832678871816007 ], [ 128.964659725969824, 35.832500981612291 ], [ 128.964611200732065, 35.83246854837644 ], [ 128.964457444213082, 35.832365784031104 ], [ 128.963881370019635, 35.83212627753845 ], [ 128.963374500672842, 35.831784299990403 ], [ 128.962476800706611, 35.830883340383657 ], [ 128.961782793409554, 35.830186791002397 ], [ 128.961999235309293, 35.829825070675547 ], [ 128.962095544326814, 35.82915055115636 ], [ 128.962159814887883, 35.828670221706673 ], [ 128.962271297493174, 35.828142302161559 ], [ 128.962144563681392, 35.828070117837122 ], [ 128.962064840111879, 35.828024707888822 ], [ 128.961959441030359, 35.827964672403795 ], [ 128.961883408000887, 35.827717184296986 ], [ 128.961835374054203, 35.827560823572533 ], [ 128.961681317530775, 35.827449612237231 ], [ 128.961681295066228, 35.827449593103886 ], [ 128.96061625975679, 35.826680717774529 ], [ 128.959744449581308, 35.825972069701329 ], [ 128.95948532773059, 35.825713787528869 ], [ 128.959344798507658, 35.82536072136331 ], [ 128.959088017516962, 35.824715589459643 ], [ 128.958446000765491, 35.823042344854699 ], [ 128.958074255637229, 35.822073455758741 ], [ 128.957958776960879, 35.821772471514237 ], [ 128.957942799791681, 35.821612653049847 ], [ 128.957894446848314, 35.821129013324907 ], [ 128.958032594045278, 35.820338816233381 ], [ 128.958095887382314, 35.81942727259846 ], [ 128.957431957609401, 35.817720909898604 ], [ 128.957323282568296, 35.817441742180932 ], [ 128.957265683286579, 35.817333309600919 ], [ 128.956257948298457, 35.815764983014226 ], [ 128.955442635427346, 35.814820089645032 ], [ 128.955154660450404, 35.814486338726013 ], [ 128.954658520882532, 35.813911631373756 ], [ 128.954519098894394, 35.81375016074702 ], [ 128.953988877788646, 35.811946529883826 ], [ 128.954020199227273, 35.811853903677282 ], [ 128.954474235320049, 35.810511053655404 ], [ 128.954575810297058, 35.810210814696639 ], [ 128.954932842336888, 35.809155470956334 ], [ 128.955137733306884, 35.808702766636515 ], [ 128.955425508303932, 35.808066941036202 ], [ 128.955528752033018, 35.807731808005585 ], [ 128.955722226884347, 35.807103773717969 ], [ 128.955896152024025, 35.806539381002572 ], [ 128.955947927113641, 35.806371361661213 ], [ 128.956263867660567, 35.805885077300211 ], [ 128.956640673638532, 35.805305109388357 ], [ 128.956866191217955, 35.805333042703431 ], [ 128.956583008982477, 35.80493212177867 ], [ 128.956295859338383, 35.804525591990426 ], [ 128.956259475749249, 35.804120375321332 ], [ 128.956161698489836, 35.803031415623295 ], [ 128.955622072691654, 35.801403603809419 ], [ 128.954946732442721, 35.801345887922345 ], [ 128.954792283225515, 35.801373742887947 ], [ 128.95468728769103, 35.801392679207851 ], [ 128.95445756704342, 35.801434108583798 ], [ 128.953989155133229, 35.801518583698005 ], [ 128.953189107776183, 35.801862292192908 ], [ 128.952426517369361, 35.80144810809292 ], [ 128.951943429272234, 35.801061206199151 ], [ 128.951517645648579, 35.80082403640148 ], [ 128.951245063511578, 35.800117841031067 ], [ 128.951126062127599, 35.799809534113606 ], [ 128.951003617544643, 35.799534825909383 ], [ 128.950837868153428, 35.799162964135142 ], [ 128.950649313039861, 35.798739925038213 ], [ 128.950562202007859, 35.798169005122489 ], [ 128.950515244049654, 35.797817069729504 ], [ 128.950142122358216, 35.795190819131719 ], [ 128.949882360783903, 35.793362327268532 ], [ 128.949460242907946, 35.792665794498902 ], [ 128.949085758297343, 35.792047856846793 ], [ 128.948966407599215, 35.791850913786995 ], [ 128.948492353836116, 35.790993238277636 ], [ 128.948072904406899, 35.79067696750937 ], [ 128.947183304399289, 35.790006179686081 ], [ 128.946621981504251, 35.789582912070721 ], [ 128.946488577149978, 35.789440086017194 ], [ 128.94648850986755, 35.789440011151569 ], [ 128.946121300651953, 35.789046855610401 ], [ 128.944998083189773, 35.788905231490304 ], [ 128.944916224548763, 35.788894911009407 ], [ 128.944548198578019, 35.788123256360961 ], [ 128.944466142168721, 35.78795119625704 ], [ 128.944113090429084, 35.787175096792851 ], [ 128.943818871421968, 35.78629073824321 ], [ 128.943937009427827, 35.785440653749632 ], [ 128.944547962577161, 35.784883696274029 ], [ 128.9445939721532, 35.784841749007789 ], [ 128.944940411154676, 35.784525925554561 ], [ 128.94508254339766, 35.784202160439882 ], [ 128.94587497546641, 35.782396988740828 ], [ 128.944151671258084, 35.781093008910517 ], [ 128.941813036047137, 35.777929290789451 ], [ 128.941382736971946, 35.777239052179787 ], [ 128.941420681144677, 35.776182620788973 ], [ 128.941386728861914, 35.77584237842445 ], [ 128.939668279458715, 35.774638890250408 ], [ 128.939656995559886, 35.77463098724499 ], [ 128.939758415922114, 35.773765125413448 ], [ 128.940139000118876, 35.773220903824701 ], [ 128.940294423694553, 35.772661920855761 ], [ 128.939996872741688, 35.771744031840214 ], [ 128.939536151872517, 35.771159587279143 ], [ 128.938690439059116, 35.770086718038044 ], [ 128.938703449195174, 35.769812822918468 ], [ 128.93829929360632, 35.769364943928373 ], [ 128.937679643897695, 35.768719087430206 ], [ 128.936484692956157, 35.767149402193198 ], [ 128.936270855015351, 35.767055499864028 ], [ 128.935650088964906, 35.766344425573934 ], [ 128.935372404802337, 35.76595602792208 ], [ 128.935363639315284, 35.765682264763321 ], [ 128.935600459209525, 35.765054447098088 ], [ 128.935606933263415, 35.765037290599821 ], [ 128.935505445498819, 35.764791827878319 ], [ 128.935505426355434, 35.764791777164795 ], [ 128.934845294717917, 35.763195067342878 ], [ 128.934424039110411, 35.762176107660039 ], [ 128.93441955351696, 35.762173996565693 ], [ 128.934224300181768, 35.762023862310265 ], [ 128.933546338075786, 35.761502549780296 ], [ 128.932214623960306, 35.760895835706258 ], [ 128.931482201976934, 35.760557813646749 ], [ 128.931303196248592, 35.760475201221823 ], [ 128.931376560436917, 35.759759981591358 ], [ 128.93139560684665, 35.759582218115249 ], [ 128.929700348941878, 35.759813799253116 ], [ 128.928682311093127, 35.759861982564239 ], [ 128.927738563933417, 35.760300279062385 ], [ 128.927636501525569, 35.76043360340455 ], [ 128.927594285838865, 35.760468050262467 ], [ 128.927519821643841, 35.760578374040414 ], [ 128.927074095555753, 35.760790708314907 ], [ 128.926443490711108, 35.760826447570743 ], [ 128.926204728032616, 35.760787138599795 ], [ 128.925587426330509, 35.760812060288053 ], [ 128.925008976290911, 35.760796261933443 ], [ 128.923651063688368, 35.760088321932606 ], [ 128.922854598577061, 35.759409963383959 ], [ 128.921426260255771, 35.759056491293016 ], [ 128.920444932692931, 35.758816027231113 ], [ 128.920372470728211, 35.758797177148956 ], [ 128.919276857369709, 35.758544766392582 ], [ 128.917199642542442, 35.758066179595019 ], [ 128.91699619604691, 35.758038494138304 ], [ 128.916861706971304, 35.757946498511437 ], [ 128.916267355798482, 35.757559030896388 ], [ 128.915621416655, 35.757580925233093 ], [ 128.915147467384116, 35.757771743029451 ], [ 128.914242117683017, 35.758227300516033 ], [ 128.914189025548183, 35.758239799954552 ], [ 128.913937216286342, 35.758299081874227 ], [ 128.912960070426664, 35.75729458274219 ], [ 128.912818717020173, 35.756961283963236 ], [ 128.912777268748698, 35.756863553126699 ], [ 128.912597325049177, 35.75613302844404 ], [ 128.912590308031525, 35.756104541850888 ], [ 128.912513033421163, 35.755656139997058 ], [ 128.912340686460169, 35.755013762296308 ], [ 128.912333435381584, 35.755010507226757 ], [ 128.912031373397127, 35.754874845696847 ], [ 128.911785279880093, 35.754671995203218 ], [ 128.911439069302389, 35.754389371331719 ], [ 128.911340596094789, 35.754272727594433 ], [ 128.910968808342659, 35.753838840288651 ], [ 128.910230920220812, 35.753242277170898 ], [ 128.909933854128354, 35.752981351492821 ], [ 128.909394743541156, 35.75253536355973 ], [ 128.909372433733097, 35.752524458460329 ], [ 128.908629976326779, 35.751939606459707 ], [ 128.908585902446248, 35.751886386072719 ], [ 128.908528389105015, 35.751816929371365 ], [ 128.908375702375395, 35.751729055159821 ], [ 128.908336147850036, 35.751698495270915 ], [ 128.908310022381585, 35.751678308168522 ], [ 128.908117282591036, 35.751550529626137 ], [ 128.908042269926483, 35.751517565626614 ], [ 128.907474409535013, 35.751273809876999 ], [ 128.907339398163288, 35.751293451261333 ], [ 128.90744909918007, 35.751332012277764 ], [ 128.907721437467018, 35.751500670344505 ], [ 128.907850284723395, 35.751606615534463 ], [ 128.907836601403829, 35.751613634652038 ], [ 128.907708093592277, 35.751508123625229 ], [ 128.907621969716672, 35.751459162574562 ], [ 128.907417052572328, 35.751335149611791 ], [ 128.907309540095241, 35.751299781473328 ], [ 128.907276117739684, 35.751282321045331 ], [ 128.907174163074217, 35.751229061509861 ], [ 128.907082378556709, 35.751122505286276 ], [ 128.907033022988429, 35.75104582208634 ], [ 128.9070244672385, 35.751064165835828 ], [ 128.907030734593349, 35.751120633804682 ], [ 128.907011393118779, 35.751274654599186 ], [ 128.906982840643821, 35.751373870044191 ], [ 128.906985807519447, 35.751416501847103 ], [ 128.906982387662509, 35.751465618345328 ], [ 128.906953128962158, 35.751525727620695 ], [ 128.906935417586965, 35.751543424771917 ], [ 128.906965166569762, 35.751583788735246 ], [ 128.906938823876516, 35.751599332992704 ], [ 128.906897113020023, 35.751602588647181 ], [ 128.906942140202773, 35.751654528241779 ], [ 128.906952220057121, 35.751667596324189 ], [ 128.906963709533471, 35.751695148362117 ], [ 128.906865172928264, 35.751863975695628 ], [ 128.906808217420206, 35.75184915155306 ], [ 128.906753898744341, 35.751838986378424 ], [ 128.906716968703961, 35.751840660640816 ], [ 128.906658092717691, 35.751850186172632 ], [ 128.906602308171557, 35.751865192975842 ], [ 128.906586529311085, 35.751885496380325 ], [ 128.906599899411646, 35.751909560921547 ], [ 128.906626227650321, 35.751962936398172 ], [ 128.906585906972282, 35.751979460852247 ], [ 128.906566605268125, 35.751951172521466 ], [ 128.906544737247458, 35.751902748445211 ], [ 128.906497527615073, 35.751926383678054 ], [ 128.906404393101752, 35.751973007984404 ], [ 128.906242019742848, 35.751813086464821 ], [ 128.90609577919318, 35.751673933424975 ], [ 128.905650068513211, 35.751405621722725 ], [ 128.905407622240716, 35.751222733047506 ], [ 128.904883720912494, 35.750674596301629 ], [ 128.904841589931323, 35.75063555564661 ], [ 128.904635574636785, 35.75025537299647 ], [ 128.904448664530264, 35.749925736488585 ], [ 128.904341662117702, 35.749763241802057 ], [ 128.904247736579208, 35.749593052010631 ], [ 128.904170890376548, 35.74935429855779 ], [ 128.904119487500822, 35.748993012878792 ], [ 128.904203206214305, 35.748690930147951 ], [ 128.904215955247565, 35.748644966567667 ], [ 128.904227104183519, 35.748604742874591 ], [ 128.904443556620578, 35.748375103722736 ], [ 128.904850509899632, 35.748103043012939 ], [ 128.905333424216394, 35.747747591221682 ], [ 128.905420096439713, 35.747734456350081 ], [ 128.906327211506152, 35.74777067099452 ], [ 128.907158991642746, 35.747845814376035 ], [ 128.907074371435357, 35.747582226009904 ], [ 128.907096918299544, 35.74733422660313 ], [ 128.906493963329609, 35.746917346773515 ], [ 128.90576349747073, 35.746644157633035 ], [ 128.905635643473488, 35.746596338176239 ], [ 128.90531231070247, 35.746560373414837 ], [ 128.905312250865023, 35.746560365930293 ], [ 128.904880768558087, 35.746512368489334 ], [ 128.904734792006934, 35.74648205769148 ], [ 128.904379636362023, 35.746284176591438 ], [ 128.904279389528909, 35.74622831790991 ], [ 128.904064332140564, 35.746330952355102 ], [ 128.903954502891082, 35.746407389014031 ], [ 128.903572978796831, 35.746673171660049 ], [ 128.903567825438898, 35.746676761507047 ], [ 128.903287383496831, 35.747014047385768 ], [ 128.903145977942614, 35.747312325461479 ], [ 128.902746357681821, 35.748153473270747 ], [ 128.902466343656556, 35.748328178311837 ], [ 128.902193473392799, 35.748889117204307 ], [ 128.901834870172621, 35.749326159975276 ], [ 128.901653350203702, 35.749992911158898 ], [ 128.901028903370218, 35.751002496136884 ], [ 128.901019899368634, 35.751017050991713 ], [ 128.901013890993568, 35.751084073360971 ], [ 128.900941920956768, 35.751878470082673 ], [ 128.900814350646101, 35.752353339422861 ], [ 128.901050077044459, 35.752843607420488 ], [ 128.901512008022905, 35.753646217444384 ], [ 128.901065136876355, 35.754281486335366 ], [ 128.900937181503167, 35.75446338143017 ], [ 128.900902705779771, 35.754512392963186 ], [ 128.90057080034498, 35.754770652888062 ], [ 128.900154312641973, 35.75629134926578 ], [ 128.900102928843296, 35.75647595638808 ], [ 128.900095020741702, 35.756504241562823 ], [ 128.899987687829451, 35.75688955817067 ], [ 128.899904964486467, 35.757181110640076 ], [ 128.899746283204792, 35.757538067073099 ], [ 128.899373335434888, 35.758717983640878 ], [ 128.899275868104866, 35.758843402851781 ], [ 128.898999923015793, 35.759007675894964 ], [ 128.897595254986129, 35.760225070884623 ], [ 128.897600390232782, 35.760586923701098 ], [ 128.897603896528892, 35.760841488176894 ], [ 128.897772130855429, 35.761383339239828 ], [ 128.897843963082835, 35.761885376830833 ], [ 128.897995875044501, 35.762210224314302 ], [ 128.897470841739505, 35.762709350508992 ], [ 128.897207260865571, 35.76277452774103 ], [ 128.896458238130947, 35.762830674197161 ], [ 128.896384705973531, 35.762997046187273 ], [ 128.896337946371432, 35.763099784146888 ], [ 128.89616261884558, 35.763485021673731 ], [ 128.89579045896474, 35.763931632223851 ], [ 128.895641376680999, 35.763943129799593 ], [ 128.894559266640528, 35.764026582456012 ], [ 128.894498450991648, 35.763871224906275 ], [ 128.894413600461974, 35.763654474947707 ], [ 128.89409541922268, 35.763074822898894 ], [ 128.893969557683704, 35.762845529697138 ], [ 128.893936073551743, 35.762784528082932 ], [ 128.893761468394104, 35.762611545724646 ], [ 128.893636057335499, 35.762171714525593 ], [ 128.893589734112538, 35.762009194305463 ], [ 128.893471570248977, 35.761469934038388 ], [ 128.893352792816245, 35.761254622087726 ], [ 128.893333193355346, 35.761192004258831 ], [ 128.893166319201953, 35.760714102722353 ], [ 128.892923306309655, 35.760014556154054 ], [ 128.892585892541717, 35.759483362225765 ], [ 128.892348004597153, 35.759125496575066 ], [ 128.892257419756419, 35.75875623904048 ], [ 128.89226504967931, 35.758509772726562 ], [ 128.892293024703179, 35.757605826037455 ], [ 128.892297804199188, 35.75740252262711 ], [ 128.892298790148715, 35.75736008266626 ], [ 128.892673161811302, 35.75582463118775 ], [ 128.89262900045324, 35.755686679515023 ], [ 128.892541566039881, 35.755432146887102 ], [ 128.892234684049839, 35.755172430221059 ], [ 128.892173824358196, 35.755135377956677 ], [ 128.891878476281704, 35.754876942262413 ], [ 128.891734860880064, 35.754876638842383 ], [ 128.891601395914535, 35.754876426964053 ], [ 128.890846121101845, 35.754875031940173 ], [ 128.890782524546836, 35.75485581840335 ], [ 128.890100080268041, 35.754649631803538 ], [ 128.889908866497109, 35.754546842192447 ], [ 128.889752308901791, 35.754462676254192 ], [ 128.889609976646113, 35.753818502015896 ], [ 128.889482622400834, 35.753242094141868 ], [ 128.889410359728004, 35.75310130903155 ], [ 128.889410341489423, 35.753101269073618 ], [ 128.889366336328948, 35.75301553370192 ], [ 128.889323795877658, 35.752932636541473 ], [ 128.889244298652955, 35.752777710732204 ], [ 128.889198285157562, 35.752688136212008 ], [ 128.888954657954059, 35.752554520637304 ], [ 128.888839173507222, 35.752491171837107 ], [ 128.888627857520163, 35.752441053384018 ], [ 128.887299554038464, 35.751904357420869 ], [ 128.887164958765453, 35.751799871638454 ], [ 128.886975476748034, 35.751659716494267 ], [ 128.886975451024455, 35.751659694621438 ], [ 128.886454736646243, 35.751274524988496 ], [ 128.886359283135647, 35.751203918893367 ], [ 128.886182566816728, 35.751073200113552 ], [ 128.886107061054815, 35.751014202131763 ], [ 128.885562231622743, 35.751008279939271 ], [ 128.884124336857838, 35.750992863081812 ], [ 128.884068109085234, 35.751004976010663 ], [ 128.883427928265775, 35.751142982570009 ], [ 128.882603338009261, 35.750945495876287 ], [ 128.882279033029477, 35.750865053060437 ], [ 128.882150571397858, 35.750781383087158 ], [ 128.882150506350257, 35.750781338434756 ], [ 128.882067198092273, 35.750727076242455 ], [ 128.881823509484548, 35.750568346237273 ], [ 128.881686357769894, 35.750479343312719 ], [ 128.881261638568333, 35.750402212639735 ], [ 128.881183324081718, 35.750387987306432 ], [ 128.881174633871979, 35.750386409160868 ], [ 128.880948747201842, 35.750105474970503 ], [ 128.880602660317095, 35.749540754958673 ], [ 128.880578963135065, 35.749530060526858 ], [ 128.879796217569236, 35.749175541718238 ], [ 128.879421991453654, 35.748910443740023 ], [ 128.879201927310646, 35.748754545861225 ], [ 128.878801634580441, 35.748633709932449 ], [ 128.877840823999463, 35.748639873361171 ], [ 128.877346804814607, 35.748642458074862 ], [ 128.876972498966779, 35.748644413214045 ], [ 128.876590431180432, 35.748387939571224 ], [ 128.876267797468387, 35.748104107806462 ], [ 128.876186769142464, 35.74803282579245 ], [ 128.876138164552998, 35.747990066512166 ], [ 128.875470893024811, 35.74837405599601 ], [ 128.875399452700265, 35.74843338842463 ], [ 128.875297116043555, 35.748518382371998 ], [ 128.874715656472205, 35.749001300686139 ], [ 128.874627520097789, 35.74910666590403 ], [ 128.873823718729369, 35.750047512180508 ], [ 128.873561290323067, 35.750373247689815 ], [ 128.873556518196153, 35.750415083575049 ], [ 128.873546062132021, 35.750506771512349 ], [ 128.872696533892736, 35.751247319802715 ], [ 128.872675107788837, 35.751265997292762 ], [ 128.872272681896163, 35.751546463361379 ], [ 128.872075622078455, 35.751630141229448 ], [ 128.871701901712186, 35.751723496815401 ], [ 128.871224405766611, 35.751964312543791 ], [ 128.870429366725716, 35.752179563581166 ], [ 128.870252518199919, 35.75236939460558 ], [ 128.870119041104971, 35.752512629696959 ], [ 128.869951359859641, 35.753306498328378 ], [ 128.869942711268948, 35.75341162099074 ], [ 128.869896131960161, 35.753977861808892 ], [ 128.869846191360097, 35.754063271782208 ], [ 128.869623976542215, 35.754443326079787 ], [ 128.869623960456892, 35.754443351086323 ], [ 128.869517968402789, 35.754624628466573 ], [ 128.869454385521237, 35.755177222985409 ], [ 128.868823530050889, 35.755356899627991 ], [ 128.868467899777016, 35.755635168907602 ], [ 128.868228328867758, 35.755842041292361 ], [ 128.867711035200188, 35.756487988705842 ], [ 128.867687520638952, 35.756809153860885 ], [ 128.867676284427603, 35.756962638246712 ], [ 128.867408536638493, 35.75728754872214 ], [ 128.867367519618, 35.757337318512533 ], [ 128.867239161157897, 35.757492949843495 ], [ 128.866660184767454, 35.757899373150465 ], [ 128.866463743113371, 35.75803726986252 ], [ 128.866299602898323, 35.75815248867336 ], [ 128.866227736928607, 35.758202933093351 ], [ 128.865846036167341, 35.758147526536902 ], [ 128.865212157159931, 35.758435249617534 ], [ 128.865104739917683, 35.758484076107074 ], [ 128.864943094185662, 35.758374416219205 ], [ 128.864666167737795, 35.758186278961929 ], [ 128.864488584054811, 35.757930973732343 ], [ 128.864468035018973, 35.75790140706517 ], [ 128.864493771911555, 35.757303627829948 ], [ 128.863636573227268, 35.756975984863764 ], [ 128.863587389553771, 35.756950855565222 ], [ 128.86273771441256, 35.756515775100183 ], [ 128.861816735430665, 35.756427395234184 ], [ 128.860937592410636, 35.756178028392355 ], [ 128.860605026573381, 35.755600172948043 ], [ 128.860550780000693, 35.755505914721248 ], [ 128.860508679795572, 35.755432757329885 ], [ 128.860350484942728, 35.755517409976378 ], [ 128.860008415461493, 35.755799733034223 ], [ 128.859699005658655, 35.755896579681796 ], [ 128.859303663890898, 35.756115624589803 ], [ 128.859180495563351, 35.756572140614175 ], [ 128.859138047199536, 35.756733644339064 ], [ 128.858708746215029, 35.757112710321351 ], [ 128.858390332062129, 35.757231748756226 ], [ 128.857642537430252, 35.757131115736783 ], [ 128.856891916613193, 35.75748545733159 ], [ 128.856763912065617, 35.757444678236581 ], [ 128.856690409935339, 35.757421230007566 ], [ 128.856626303053559, 35.757400797823578 ], [ 128.855770978765122, 35.757128385599202 ], [ 128.854860576891781, 35.756830159639875 ], [ 128.854889804443616, 35.756344939168123 ], [ 128.854890788950797, 35.756328605957577 ], [ 128.854701949988254, 35.756128486530372 ], [ 128.854675366817077, 35.755883272116058 ], [ 128.854632613115655, 35.755489530853595 ], [ 128.854509490114708, 35.755257799991277 ], [ 128.854882769293823, 35.754395411268753 ], [ 128.85477678104715, 35.75405742556849 ], [ 128.856208841718797, 35.753397472596355 ], [ 128.856691938934148, 35.752942898754839 ], [ 128.857032568311155, 35.751522517824291 ], [ 128.856997034486312, 35.750640478887028 ], [ 128.857199018504986, 35.750408690270014 ], [ 128.857843076457442, 35.749556007929606 ], [ 128.858155258018314, 35.749158858904266 ], [ 128.858525098642531, 35.748629912824917 ], [ 128.858497012383651, 35.748433277190294 ], [ 128.85846185693876, 35.748142532725872 ], [ 128.858466181293153, 35.747486857816746 ], [ 128.858462607769383, 35.747486645741475 ], [ 128.858374265914279, 35.747441568755683 ], [ 128.858352377301145, 35.747428996788152 ], [ 128.858344538294716, 35.747379815085431 ], [ 128.85828992589839, 35.747297986292828 ], [ 128.858267233150315, 35.747269783277488 ], [ 128.858267154075037, 35.747269684995089 ], [ 128.858259412784093, 35.747260061807062 ], [ 128.858224768931535, 35.747164396320173 ], [ 128.858204377460225, 35.747105915750808 ], [ 128.858194180895964, 35.74708456675274 ], [ 128.858181413363042, 35.747057832066524 ], [ 128.858154169932305, 35.747025792020672 ], [ 128.858175296025649, 35.746992257383106 ], [ 128.858111351627315, 35.74693235366852 ], [ 128.858077423167572, 35.746955587468662 ], [ 128.858063530623184, 35.746945951672622 ], [ 128.858045431825531, 35.746951846608567 ], [ 128.858033005924142, 35.746955892421674 ], [ 128.85800456412133, 35.746941709375392 ], [ 128.858002826454538, 35.746939675259725 ], [ 128.857981308956766, 35.74691449985086 ], [ 128.857931894403407, 35.746849395931307 ], [ 128.857920088313534, 35.746818315701702 ], [ 128.85792098485723, 35.746813733822762 ], [ 128.857926672038019, 35.746784671207159 ], [ 128.857990366612171, 35.746690834478891 ], [ 128.858058116088586, 35.746560069466462 ], [ 128.858117800414732, 35.746416117428872 ], [ 128.858097554436853, 35.746395921260927 ], [ 128.858086665633863, 35.746385058912267 ], [ 128.858043850451935, 35.746365206921048 ], [ 128.857993073826833, 35.746351667306378 ], [ 128.858005328084801, 35.746337262806371 ], [ 128.857922783182403, 35.746278411024981 ], [ 128.857913368819254, 35.74628630130151 ], [ 128.857870267679999, 35.7462479165765 ], [ 128.857846375414965, 35.746230061498395 ], [ 128.85781027124662, 35.746210353642169 ], [ 128.857679387449849, 35.746152669415402 ], [ 128.857636377976803, 35.746136340929255 ], [ 128.857535047811552, 35.746078350017022 ], [ 128.857552051434254, 35.746017092418654 ], [ 128.857531924148049, 35.745971906620554 ], [ 128.857492911302671, 35.745884319415026 ], [ 128.857470332327949, 35.745837246378173 ], [ 128.857438443060488, 35.745784782546465 ], [ 128.857404173417677, 35.745771364722181 ], [ 128.857346032089936, 35.74570351191786 ], [ 128.857322496838435, 35.745672407105708 ], [ 128.857287511197001, 35.745638569969202 ], [ 128.857132903359712, 35.74551551625644 ], [ 128.857091900115137, 35.745482882909897 ], [ 128.857037783149735, 35.745391484697329 ], [ 128.857022305079255, 35.745356046220415 ], [ 128.856936039677805, 35.745275053928147 ], [ 128.856898027406146, 35.74524101280619 ], [ 128.856854775573254, 35.745188083763253 ], [ 128.85673543952575, 35.745067837553464 ], [ 128.856570896277191, 35.744955088094585 ], [ 128.85643798119429, 35.744879971338001 ], [ 128.856295532265449, 35.744818593395287 ], [ 128.856179133393539, 35.744769577566238 ], [ 128.856117430419204, 35.744740302033023 ], [ 128.855946484715616, 35.744555777399462 ], [ 128.855802601858301, 35.744488693774514 ], [ 128.855745429956158, 35.74444252417905 ], [ 128.855706358185472, 35.7444253806771 ], [ 128.855630184008845, 35.74434236238649 ], [ 128.855609169338834, 35.744311666968301 ], [ 128.855591717061486, 35.744287053525184 ], [ 128.855591638977643, 35.744286951942414 ], [ 128.855584325677427, 35.744276640366728 ], [ 128.855381913605356, 35.743919403950343 ], [ 128.855314006822681, 35.743886036329449 ], [ 128.855180304722325, 35.743820290526791 ], [ 128.855008384280097, 35.743735775641269 ], [ 128.854753382995483, 35.743610315529466 ], [ 128.854514294818415, 35.743493795779344 ], [ 128.854253671234346, 35.743366803951957 ], [ 128.853956929069227, 35.743223247278344 ], [ 128.853916330705943, 35.743201053639638 ], [ 128.853278476523656, 35.742853075557001 ], [ 128.853099221491362, 35.74275901187017 ], [ 128.852104393817768, 35.742236969454453 ], [ 128.851018175254723, 35.74173015903078 ], [ 128.85004437109265, 35.741291525464703 ], [ 128.84977484244007, 35.741335650566512 ], [ 128.849672646716584, 35.74135237924181 ], [ 128.849363377868286, 35.741349833683067 ], [ 128.848413370052526, 35.741441244131465 ], [ 128.847697963590178, 35.741998657188034 ], [ 128.847359915621922, 35.741943340960589 ], [ 128.846969494488889, 35.741879450459926 ], [ 128.846147431791906, 35.741409302172499 ], [ 128.844973385944229, 35.741434737448998 ], [ 128.844774931802618, 35.741569920941153 ], [ 128.843921716483493, 35.742151106286514 ], [ 128.843717215349244, 35.742288858326702 ], [ 128.843368297174862, 35.742524117587642 ], [ 128.842982942450021, 35.742623579514529 ], [ 128.841067933575715, 35.743117838387214 ], [ 128.840207635621908, 35.743463044410127 ], [ 128.839663353861596, 35.743628219002609 ], [ 128.838909521520492, 35.743857016860055 ], [ 128.838718104875227, 35.743957757519077 ], [ 128.837775594049333, 35.744453775267026 ], [ 128.837509250146468, 35.744669555729772 ], [ 128.836960808999009, 35.745113877052233 ], [ 128.835713397282916, 35.745491779302611 ], [ 128.835611635879275, 35.745488143649432 ], [ 128.835255191111315, 35.745475411373747 ], [ 128.835109466761821, 35.745488251919156 ], [ 128.834297137797961, 35.745559820373764 ], [ 128.834083203691193, 35.745415755606594 ], [ 128.833945254316404, 35.745322858498717 ], [ 128.833924123963754, 35.745245122804022 ], [ 128.83381732348883, 35.744852217797508 ], [ 128.833764485409318, 35.744543146737101 ], [ 128.833767618677911, 35.744029519761227 ], [ 128.833769199568081, 35.743776807272148 ], [ 128.832145824593283, 35.742406131262989 ], [ 128.831671441945332, 35.742006111338107 ], [ 128.831886436130873, 35.741542966040633 ], [ 128.831823973070243, 35.741284025934199 ], [ 128.831720481456898, 35.740854444630727 ], [ 128.831658776954782, 35.740598487362249 ], [ 128.831536482022699, 35.74053388332424 ], [ 128.830763442255545, 35.740125406940159 ], [ 128.829839068438559, 35.739964731828088 ], [ 128.829586564766913, 35.739920839959055 ], [ 128.82955216547515, 35.739914859686614 ], [ 128.828507106487962, 35.739218071215454 ], [ 128.827103455558643, 35.738748594062884 ], [ 128.82684576802211, 35.738825545417811 ], [ 128.825952589690473, 35.738984176221429 ], [ 128.825837251096658, 35.739004660096391 ], [ 128.824881035456826, 35.739966634240247 ], [ 128.824757897008965, 35.740090510531076 ], [ 128.823922736047024, 35.740195531403266 ], [ 128.823765786296917, 35.740212514784531 ], [ 128.822926154140902, 35.740424480469144 ], [ 128.822711798315737, 35.740478592851652 ], [ 128.822641929581124, 35.740543831389814 ], [ 128.821968848841863, 35.740544470241105 ], [ 128.821721202753821, 35.740568055321383 ], [ 128.820060520602709, 35.741348628868479 ], [ 128.819399860688691, 35.741771063669056 ], [ 128.818404037825985, 35.742314214268234 ], [ 128.818337156807786, 35.742346882214505 ], [ 128.818029591406344, 35.742455026115167 ], [ 128.817441457226352, 35.742660345533352 ], [ 128.817079198748843, 35.742786806566542 ], [ 128.816532001895212, 35.742792053327534 ], [ 128.816297432076425, 35.742794303473978 ], [ 128.816051228952119, 35.742887809359658 ], [ 128.815604746531221, 35.743069510274054 ], [ 128.815131346927188, 35.742673970032271 ], [ 128.814841958699134, 35.742432333752056 ], [ 128.814747860658485, 35.742407961783584 ], [ 128.814557754293531, 35.742358708383897 ], [ 128.813949933980552, 35.742067573845617 ], [ 128.813898792221067, 35.742050086436926 ], [ 128.8138987493748, 35.742050070234846 ], [ 128.813443006642871, 35.74189421754766 ], [ 128.812926575280613, 35.741621713965692 ], [ 128.812503659825524, 35.741374401496444 ], [ 128.811937143501808, 35.740938857812012 ], [ 128.811628868378591, 35.740665015762247 ], [ 128.811522472433609, 35.740666958361281 ], [ 128.811429607328137, 35.740668621727757 ], [ 128.81023740988789, 35.740375173502358 ], [ 128.810162908131815, 35.740356837210292 ], [ 128.809973547249484, 35.740310232001036 ], [ 128.809294921980637, 35.741145240453157 ], [ 128.808720025653088, 35.741852595605501 ], [ 128.808485847512969, 35.741981345000895 ], [ 128.808204557527432, 35.742135947297811 ], [ 128.807577487956991, 35.742772330328179 ], [ 128.807241849809998, 35.743344688217668 ], [ 128.806666431824283, 35.743938278050024 ], [ 128.806199559465, 35.744263697388625 ], [ 128.805752067532467, 35.744623657811431 ], [ 128.804939315988975, 35.744869783900683 ], [ 128.804812328649604, 35.744880508802211 ], [ 128.80357735680991, 35.744943221130328 ], [ 128.80242118851595, 35.745084777932981 ], [ 128.801614007899644, 35.745170556761146 ], [ 128.801506223354892, 35.745208510214304 ], [ 128.801034666324739, 35.745486756621013 ], [ 128.800964580206312, 35.745618928040891 ], [ 128.800859170328835, 35.745817716216735 ], [ 128.800821073140412, 35.745797410409907 ], [ 128.799964418270008, 35.745340350420832 ] ], [ [ 128.74318013159774, 35.826302732410475 ], [ 128.74332166881814, 35.82623785240478 ], [ 128.743321775633348, 35.826236888421157 ], [ 128.743321668857476, 35.826237852394478 ], [ 128.74318013159774, 35.826302732410475 ] ], [ [ 128.743045515673003, 35.826380422377184 ], [ 128.74302827764501, 35.826382999198522 ], [ 128.743024066871669, 35.826383520574971 ], [ 128.742895301454467, 35.826399370072103 ], [ 128.742904736428613, 35.826398208532872 ], [ 128.74297518035155, 35.826389537845941 ], [ 128.743024066848648, 35.826383520575206 ], [ 128.74302827762196, 35.826382999198749 ], [ 128.743045515668513, 35.826380422357161 ], [ 128.74318013159774, 35.826302732410475 ], [ 128.743045515673003, 35.826380422377184 ] ] ] } }
]
}
